#
# There is insufficient memory for the Java Runtime Environment to continue.
# Native memory allocation (malloc) failed to allocate 1364720 bytes. Error detail: Chunk::new
# Possible reasons:
#   The system is out of physical RAM or swap space
#   This process is running with CompressedOops enabled, and the Java Heap may be blocking the growth of the native heap
# Possible solutions:
#   Reduce memory load on the system
#   Increase physical memory or swap space
#   Check if swap backing store is full
#   Decrease Java heap size (-Xmx/-Xms)
#   Decrease number of Java threads
#   Decrease Java thread stack sizes (-Xss)
#   Set larger code cache with -XX:ReservedCodeCacheSize=
#   JVM is running with Unscaled Compressed Oops mode in which the Java heap is
#     placed in the first 4GB address space. The Java Heap base address is the
#     maximum limit for the native heap growth. Please use -XX:HeapBaseMinAddress
#     to set the Java Heap base and to place the Java Heap above 4GB virtual address.
# This output file may be truncated or incomplete.
#
#  Out of Memory Error (arena.cpp:168), pid=49444, tid=43088
#
# JRE version: OpenJDK Runtime Environment (21.0.3) (build 21.0.3+-12282718-b509.11)
# Java VM: OpenJDK 64-Bit Server VM (21.0.3+-12282718-b509.11, mixed mode, tiered, compressed oops, compressed class ptrs, g1 gc, windows-amd64)
# No core dump will be written. Minidumps are not enabled by default on client versions of Windows
#

---------------  S U M M A R Y ------------

Command Line: --add-opens=java.base/java.util=ALL-UNNAMED --add-opens=java.base/java.lang=ALL-UNNAMED --add-opens=java.base/java.lang.invoke=ALL-UNNAMED --add-opens=java.prefs/java.util.prefs=ALL-UNNAMED --add-exports=jdk.compiler/com.sun.tools.javac.api=ALL-UNNAMED --add-exports=jdk.compiler/com.sun.tools.javac.util=ALL-UNNAMED --add-opens=java.base/java.nio.charset=ALL-UNNAMED --add-opens=java.base/java.net=ALL-UNNAMED --add-opens=java.base/java.util.concurrent.atomic=ALL-UNNAMED -Xmx2048m -Dfile.encoding=UTF-8 -Duser.country=GB -Duser.language=en -Duser.variant -javaagent:C:\Users\Kush\.gradle\wrapper\dists\gradle-8.9-bin\90cnw93cvbtalezasaz0blq0a\gradle-8.9\lib\agents\gradle-instrumentation-agent-8.9.jar org.gradle.launcher.daemon.bootstrap.GradleDaemon 8.9

Host: AMD Ryzen 5 3600 6-Core Processor              , 12 cores, 15G,  Windows 10 , 64 bit Build 19041 (10.0.19041.5198)
Time: Sun Dec 15 23:14:09 2024 GMT Standard Time elapsed time: 18.639359 seconds (0d 0h 0m 18s)

---------------  T H R E A D  ---------------

Current thread (0x0000025775318350):  JavaThread "C2 CompilerThread0" daemon [_thread_in_native, id=43088, stack(0x000000a9dd700000,0x000000a9dd800000) (1024K)]


Current CompileTask:
C2:  18639 16582       4       java.lang.invoke.MethodHandleImpl::makePairwiseConvertByEditor (617 bytes)

Stack: [0x000000a9dd700000,0x000000a9dd800000]
Native frames: (J=compiled Java code, j=interpreted, Vv=VM code, C=native code)
V  [jvm.dll+0x6cafb9]
V  [jvm.dll+0x858523]
V  [jvm.dll+0x85aa7e]
V  [jvm.dll+0x85b163]
V  [jvm.dll+0x27d356]
V  [jvm.dll+0xbf93d]
V  [jvm.dll+0xbfe73]
V  [jvm.dll+0x3b1ceb]
V  [jvm.dll+0x1de082]
V  [jvm.dll+0x246c54]
V  [jvm.dll+0x2460d1]
V  [jvm.dll+0x1c5804]
V  [jvm.dll+0x25575c]
V  [jvm.dll+0x253c36]
V  [jvm.dll+0x3ec996]
V  [jvm.dll+0x800d78]
V  [jvm.dll+0x6c98cd]
C  [ucrtbase.dll+0x21bb2]
C  [KERNEL32.DLL+0x17374]
C  [ntdll.dll+0x4cc91]


---------------  P R O C E S S  ---------------

Threads class SMR info:
_java_thread_list=0x000002577cc7a980, length=196, elements={
0x000002575b3c54b0, 0x0000025775308b60, 0x00000257753096c0, 0x00000257753121a0,
0x0000025775312c00, 0x0000025775313660, 0x00000257753140c0, 0x0000025775318350,
0x0000025775338e00, 0x00000257750de100, 0x000002577561e290, 0x000002577b1d12e0,
0x000002577b0d8c60, 0x000002577b161550, 0x000002577b6cac20, 0x000002577b196310,
0x000002577b6b49a0, 0x000002577b1fe570, 0x000002577b1ff290, 0x000002577b1fec00,
0x000002577b1ff920, 0x000002577b1fd850, 0x000002577b1fdee0, 0x000002577b1fffb0,
0x000002577b1fd1c0, 0x000002577d2c8bf0, 0x000002577d2c9910, 0x000002577d2c9280,
0x000002577d2ca630, 0x000002577d2cb350, 0x000002577d2c71b0, 0x000002577d2c7840,
0x00000257001a6260, 0x00000257001a2750, 0x00000257001a0680, 0x00000257001a3b00,
0x00000257001a2de0, 0x00000257001a68f0, 0x00000257001a1a30, 0x00000257001a5bd0,
0x00000257001a4eb0, 0x00000257001a0d10, 0x00000257001a13a0, 0x00000257001a6f80,
0x00000257001a7610, 0x00000257001a5540, 0x00000257001a20c0, 0x00000257001a3470,
0x00000257001a4190, 0x00000257001a4820, 0x00000257001a7ca0, 0x000002577c4b5430,
0x000002577c4bb6a0, 0x000002577c4b7500, 0x000002577c4ba980, 0x000002577c4b6e70,
0x000002577c4bca50, 0x000002577c4b5ac0, 0x000002577c4b8f40, 0x000002577c4b88b0,
0x000002577c4b6150, 0x000002577c4b7b90, 0x000002577c4bc3c0, 0x000002577c4b8220,
0x000002577c4b67e0, 0x000002577c4bb010, 0x000002577cc22030, 0x000002577cc1de90,
0x000002577cc1ebb0, 0x000002577cc1f240, 0x000002577d9554e0, 0x000002577d954130,
0x000002577d954e50, 0x000002577d952d80, 0x000002577d9526f0, 0x000002577d9547c0,
0x000002577d953410, 0x000002577d952060, 0x0000025700594f70, 0x0000025700592ea0,
0x000002577cd876b0, 0x000002577cd890f0, 0x000002577cd848c0, 0x000002577cd87d40,
0x000002577cd86990, 0x000002577cd89780, 0x000002577cd87020, 0x000002577cd883d0,
0x000002577cd88a60, 0x000002577cd83510, 0x000002577cd89e10, 0x000002577cd83ba0,
0x000002577cd86300, 0x000002577cd8a4a0, 0x000002577cd8ab30, 0x000002577cd84f50,
0x000002577cd855e0, 0x000002577cd85c70, 0x0000025700595600, 0x0000025700593bc0,
0x0000025700592180, 0x0000025700594250, 0x00000257067522b0, 0x0000025706757800,
0x0000025706757e90, 0x0000025706759240, 0x0000025706754380, 0x0000025706753660,
0x0000025700f9fe20, 0x0000025700f9f790, 0x0000025700fa04b0, 0x0000025700f9ea70,
0x0000025700fa0b40, 0x0000025700fa11d0, 0x0000025700f9e3e0, 0x0000025700f9dd50,
0x0000025700f9f100, 0x0000025701130ee0, 0x0000025701134360, 0x000002570112f4a0,
0x0000025701130850, 0x000002570112fb30, 0x00000257011349f0, 0x0000025701132fb0,
0x000002570112da60, 0x0000025701131570, 0x000002570112e780, 0x0000025701133cd0,
0x0000025701135080, 0x000002570112e0f0, 0x00000257011301c0, 0x0000025701132290,
0x0000025701133640, 0x000002570112ee10, 0x0000025701132920, 0x0000025706753cf0,
0x0000025706754a10, 0x0000025706756ae0, 0x0000025706758520, 0x0000025706751c20,
0x0000025706752940, 0x0000025706752fd0, 0x00000257067550a0, 0x0000025706755730,
0x0000025706755dc0, 0x0000025706756450, 0x0000025706757170, 0x000002577cc219a0,
0x000002577cc23a70, 0x000002577cc1ff60, 0x00000257005948e0, 0x0000025700592810,
0x000002577d953aa0, 0x0000025707192650, 0x0000025707190c10, 0x0000025707194db0,
0x000002570718f1d0, 0x000002570718e4b0, 0x0000025707193370, 0x0000025707190580,
0x0000025707192ce0, 0x00000257071912a0, 0x000002570718fef0, 0x0000025707195440,
0x0000025707191930, 0x000002570718eb40, 0x0000025707195ad0, 0x0000025707191fc0,
0x0000025707193a00, 0x0000025707196160, 0x0000025707194720, 0x00000257071988c0,
0x000002570719d780, 0x0000025701303f60, 0x00000257071995e0, 0x000002570719a990,
0x000002570719b020, 0x000002570719b6b0, 0x000002570719bd40, 0x000002570719c3d0,
0x0000025707198230, 0x0000025707198f50, 0x0000025707196e80, 0x0000025707197ba0,
0x000002570719d0f0, 0x0000025707197510, 0x000002577be5fb30, 0x000002577be63cd0,
0x000002577be64360, 0x000002577be61570, 0x000002577be649f0, 0x000002577be65080,
0x000002577be65da0, 0x000002577be5ee10, 0x000002577be66430, 0x000002577be5f4a0
}

Java Threads: ( => current thread )
  0x000002575b3c54b0 JavaThread "main"                              [_thread_blocked, id=45216, stack(0x000000a9dc900000,0x000000a9dca00000) (1024K)]
  0x0000025775308b60 JavaThread "Reference Handler"          daemon [_thread_blocked, id=26220, stack(0x000000a9dd100000,0x000000a9dd200000) (1024K)]
  0x00000257753096c0 JavaThread "Finalizer"                  daemon [_thread_blocked, id=16220, stack(0x000000a9dd200000,0x000000a9dd300000) (1024K)]
  0x00000257753121a0 JavaThread "Signal Dispatcher"          daemon [_thread_blocked, id=38632, stack(0x000000a9dd300000,0x000000a9dd400000) (1024K)]
  0x0000025775312c00 JavaThread "Attach Listener"            daemon [_thread_blocked, id=17284, stack(0x000000a9dd400000,0x000000a9dd500000) (1024K)]
  0x0000025775313660 JavaThread "Service Thread"             daemon [_thread_blocked, id=27308, stack(0x000000a9dd500000,0x000000a9dd600000) (1024K)]
  0x00000257753140c0 JavaThread "Monitor Deflation Thread"   daemon [_thread_blocked, id=20080, stack(0x000000a9dd600000,0x000000a9dd700000) (1024K)]
=>0x0000025775318350 JavaThread "C2 CompilerThread0"         daemon [_thread_in_native, id=43088, stack(0x000000a9dd700000,0x000000a9dd800000) (1024K)]
  0x0000025775338e00 JavaThread "C1 CompilerThread0"         daemon [_thread_in_vm, id=35804, stack(0x000000a9dd800000,0x000000a9dd900000) (1024K)]
  0x00000257750de100 JavaThread "Common-Cleaner"             daemon [_thread_blocked, id=35212, stack(0x000000a9dd900000,0x000000a9dda00000) (1024K)]
  0x000002577561e290 JavaThread "Notification Thread"        daemon [_thread_blocked, id=14768, stack(0x000000a9dda00000,0x000000a9ddb00000) (1024K)]
  0x000002577b1d12e0 JavaThread "Daemon health stats"               [_thread_blocked, id=23312, stack(0x000000a9de200000,0x000000a9de300000) (1024K)]
  0x000002577b0d8c60 JavaThread "Incoming local TCP Connector on port 65534"        [_thread_in_native, id=34396, stack(0x000000a9de300000,0x000000a9de400000) (1024K)]
  0x000002577b161550 JavaThread "Daemon periodic checks"            [_thread_blocked, id=41072, stack(0x000000a9de400000,0x000000a9de500000) (1024K)]
  0x000002577b6cac20 JavaThread "Daemon"                            [_thread_blocked, id=49652, stack(0x000000a9de500000,0x000000a9de600000) (1024K)]
  0x000002577b196310 JavaThread "Handler for socket connection from /127.0.0.1:65534 to /127.0.0.1:49152"        [_thread_in_native, id=43236, stack(0x000000a9de600000,0x000000a9de700000) (1024K)]
  0x000002577b6b49a0 JavaThread "Cancel handler"                    [_thread_blocked, id=29948, stack(0x000000a9de700000,0x000000a9de800000) (1024K)]
  0x000002577b1fe570 JavaThread "Daemon worker"                     [_thread_blocked, id=14084, stack(0x000000a9de800000,0x000000a9de900000) (1024K)]
  0x000002577b1ff290 JavaThread "Asynchronous log dispatcher for DefaultDaemonConnection: socket connection from /127.0.0.1:65534 to /127.0.0.1:49152"        [_thread_blocked, id=8088, stack(0x000000a9de900000,0x000000a9dea00000) (1024K)]
  0x000002577b1fec00 JavaThread "Stdin handler"                     [_thread_blocked, id=32492, stack(0x000000a9dea00000,0x000000a9deb00000) (1024K)]
  0x000002577b1ff920 JavaThread "Daemon client event forwarder"        [_thread_blocked, id=36740, stack(0x000000a9deb00000,0x000000a9dec00000) (1024K)]
  0x000002577b1fd850 JavaThread "Cache worker for journal cache (C:\Users\Kush\.gradle\caches\journal-1)"        [_thread_blocked, id=49820, stack(0x000000a9df200000,0x000000a9df300000) (1024K)]
  0x000002577b1fdee0 JavaThread "File lock request listener"        [_thread_in_native, id=31836, stack(0x000000a9df300000,0x000000a9df400000) (1024K)]
  0x000002577b1fffb0 JavaThread "Cache worker for file hash cache (C:\Users\Kush\.gradle\caches\8.9\fileHashes)"        [_thread_blocked, id=20588, stack(0x000000a9df400000,0x000000a9df500000) (1024K)]
  0x000002577b1fd1c0 JavaThread "Cache worker for file hash cache (C:\Users\Kush\AndroidStudioProjects\LocationApp\.gradle\8.9\fileHashes)"        [_thread_blocked, id=45284, stack(0x000000a9df500000,0x000000a9df600000) (1024K)]
  0x000002577d2c8bf0 JavaThread "Cache worker for Build Output Cleanup Cache (C:\Users\Kush\AndroidStudioProjects\LocationApp\.gradle\buildOutputCleanup)"        [_thread_blocked, id=41872, stack(0x000000a9df600000,0x000000a9df700000) (1024K)]
  0x000002577d2c9910 JavaThread "File watcher server"        daemon [_thread_in_native, id=32088, stack(0x000000a9df700000,0x000000a9df800000) (1024K)]
  0x000002577d2c9280 JavaThread "File watcher consumer"      daemon [_thread_blocked, id=31220, stack(0x000000a9df800000,0x000000a9df900000) (1024K)]
  0x000002577d2ca630 JavaThread "Cache worker for checksums cache (C:\Users\Kush\AndroidStudioProjects\LocationApp\.gradle\8.9\checksums)"        [_thread_blocked, id=34916, stack(0x000000a9df900000,0x000000a9dfa00000) (1024K)]
  0x000002577d2cb350 JavaThread "Cache worker for file content cache (C:\Users\Kush\.gradle\caches\8.9\fileContent)"        [_thread_blocked, id=27844, stack(0x000000a9dfa00000,0x000000a9dfb00000) (1024K)]
  0x000002577d2c71b0 JavaThread "Cache worker for cache directory md-rule (C:\Users\Kush\.gradle\caches\8.9\md-rule)"        [_thread_blocked, id=44984, stack(0x000000a9dfb00000,0x000000a9dfc00000) (1024K)]
  0x000002577d2c7840 JavaThread "Cache worker for cache directory md-supplier (C:\Users\Kush\.gradle\caches\8.9\md-supplier)"        [_thread_blocked, id=29564, stack(0x000000a9dfc00000,0x000000a9dfd00000) (1024K)]
  0x00000257001a6260 JavaThread "Unconstrained build operations"        [_thread_blocked, id=19148, stack(0x000000a9dfe00000,0x000000a9dff00000) (1024K)]
  0x00000257001a2750 JavaThread "Unconstrained build operations Thread 2"        [_thread_blocked, id=31648, stack(0x000000a9dff00000,0x000000a9e0000000) (1024K)]
  0x00000257001a0680 JavaThread "Unconstrained build operations Thread 3"        [_thread_blocked, id=18316, stack(0x000000a9e0000000,0x000000a9e0100000) (1024K)]
  0x00000257001a3b00 JavaThread "Unconstrained build operations Thread 4"        [_thread_blocked, id=18160, stack(0x000000a9e0100000,0x000000a9e0200000) (1024K)]
  0x00000257001a2de0 JavaThread "Unconstrained build operations Thread 5"        [_thread_blocked, id=16832, stack(0x000000a9e0200000,0x000000a9e0300000) (1024K)]
  0x00000257001a68f0 JavaThread "Unconstrained build operations Thread 6"        [_thread_blocked, id=16760, stack(0x000000a9e0300000,0x000000a9e0400000) (1024K)]
  0x00000257001a1a30 JavaThread "Unconstrained build operations Thread 7"        [_thread_blocked, id=38748, stack(0x000000a9e0400000,0x000000a9e0500000) (1024K)]
  0x00000257001a5bd0 JavaThread "Unconstrained build operations Thread 8"        [_thread_blocked, id=31964, stack(0x000000a9e0500000,0x000000a9e0600000) (1024K)]
  0x00000257001a4eb0 JavaThread "Unconstrained build operations Thread 9"        [_thread_blocked, id=46872, stack(0x000000a9e0600000,0x000000a9e0700000) (1024K)]
  0x00000257001a0d10 JavaThread "Unconstrained build operations Thread 10"        [_thread_blocked, id=49572, stack(0x000000a9e0700000,0x000000a9e0800000) (1024K)]
  0x00000257001a13a0 JavaThread "Unconstrained build operations Thread 11"        [_thread_blocked, id=28944, stack(0x000000a9e0800000,0x000000a9e0900000) (1024K)]
  0x00000257001a6f80 JavaThread "Unconstrained build operations Thread 12"        [_thread_blocked, id=34852, stack(0x000000a9e0900000,0x000000a9e0a00000) (1024K)]
  0x00000257001a7610 JavaThread "Unconstrained build operations Thread 13"        [_thread_blocked, id=27088, stack(0x000000a9e0a00000,0x000000a9e0b00000) (1024K)]
  0x00000257001a5540 JavaThread "Unconstrained build operations Thread 14"        [_thread_blocked, id=16756, stack(0x000000a9e0b00000,0x000000a9e0c00000) (1024K)]
  0x00000257001a20c0 JavaThread "Unconstrained build operations Thread 15"        [_thread_blocked, id=41748, stack(0x000000a9e0c00000,0x000000a9e0d00000) (1024K)]
  0x00000257001a3470 JavaThread "Unconstrained build operations Thread 16"        [_thread_blocked, id=22408, stack(0x000000a9e0d00000,0x000000a9e0e00000) (1024K)]
  0x00000257001a4190 JavaThread "Unconstrained build operations Thread 17"        [_thread_blocked, id=28404, stack(0x000000a9e0e00000,0x000000a9e0f00000) (1024K)]
  0x00000257001a4820 JavaThread "Unconstrained build operations Thread 18"        [_thread_blocked, id=11232, stack(0x000000a9e0f00000,0x000000a9e1000000) (1024K)]
  0x00000257001a7ca0 JavaThread "Unconstrained build operations Thread 19"        [_thread_blocked, id=44312, stack(0x000000a9e1000000,0x000000a9e1100000) (1024K)]
  0x000002577c4b5430 JavaThread "Unconstrained build operations Thread 20"        [_thread_blocked, id=14948, stack(0x000000a9e1100000,0x000000a9e1200000) (1024K)]
  0x000002577c4bb6a0 JavaThread "Unconstrained build operations Thread 21"        [_thread_blocked, id=40232, stack(0x000000a9e1200000,0x000000a9e1300000) (1024K)]
  0x000002577c4b7500 JavaThread "Unconstrained build operations Thread 22"        [_thread_blocked, id=32060, stack(0x000000a9e1300000,0x000000a9e1400000) (1024K)]
  0x000002577c4ba980 JavaThread "Unconstrained build operations Thread 23"        [_thread_blocked, id=27636, stack(0x000000a9e1400000,0x000000a9e1500000) (1024K)]
  0x000002577c4b6e70 JavaThread "Unconstrained build operations Thread 24"        [_thread_blocked, id=7324, stack(0x000000a9e1500000,0x000000a9e1600000) (1024K)]
  0x000002577c4bca50 JavaThread "Unconstrained build operations Thread 25"        [_thread_blocked, id=6212, stack(0x000000a9e1600000,0x000000a9e1700000) (1024K)]
  0x000002577c4b5ac0 JavaThread "Unconstrained build operations Thread 26"        [_thread_blocked, id=46816, stack(0x000000a9e1700000,0x000000a9e1800000) (1024K)]
  0x000002577c4b8f40 JavaThread "Unconstrained build operations Thread 27"        [_thread_blocked, id=49080, stack(0x000000a9e1800000,0x000000a9e1900000) (1024K)]
  0x000002577c4b88b0 JavaThread "Unconstrained build operations Thread 28"        [_thread_blocked, id=51132, stack(0x000000a9e1900000,0x000000a9e1a00000) (1024K)]
  0x000002577c4b6150 JavaThread "Unconstrained build operations Thread 29"        [_thread_blocked, id=4452, stack(0x000000a9e1a00000,0x000000a9e1b00000) (1024K)]
  0x000002577c4b7b90 JavaThread "Unconstrained build operations Thread 30"        [_thread_blocked, id=31860, stack(0x000000a9e1b00000,0x000000a9e1c00000) (1024K)]
  0x000002577c4bc3c0 JavaThread "Unconstrained build operations Thread 31"        [_thread_blocked, id=28144, stack(0x000000a9e1c00000,0x000000a9e1d00000) (1024K)]
  0x000002577c4b8220 JavaThread "Unconstrained build operations Thread 32"        [_thread_blocked, id=35100, stack(0x000000a9e1d00000,0x000000a9e1e00000) (1024K)]
  0x000002577c4b67e0 JavaThread "Unconstrained build operations Thread 33"        [_thread_blocked, id=15412, stack(0x000000a9e1e00000,0x000000a9e1f00000) (1024K)]
  0x000002577c4bb010 JavaThread "build event listener"              [_thread_blocked, id=42500, stack(0x000000a9e1f00000,0x000000a9e2000000) (1024K)]
  0x000002577cc22030 JavaThread "Memory manager"                    [_thread_blocked, id=48816, stack(0x000000a9ddc00000,0x000000a9ddd00000) (1024K)]
  0x000002577cc1de90 JavaThread "included builds"                   [_thread_blocked, id=22440, stack(0x000000a9e2000000,0x000000a9e2100000) (1024K)]
  0x000002577cc1ebb0 JavaThread "Execution worker"                  [_thread_blocked, id=30284, stack(0x000000a9e2100000,0x000000a9e2200000) (1024K)]
  0x000002577cc1f240 JavaThread "Execution worker Thread 2"         [_thread_blocked, id=24544, stack(0x000000a9e2200000,0x000000a9e2300000) (1024K)]
  0x000002577d9554e0 JavaThread "Execution worker Thread 3"         [_thread_blocked, id=45756, stack(0x000000a9e2300000,0x000000a9e2400000) (1024K)]
  0x000002577d954130 JavaThread "Execution worker Thread 4"         [_thread_blocked, id=24584, stack(0x000000a9e2400000,0x000000a9e2500000) (1024K)]
  0x000002577d954e50 JavaThread "Execution worker Thread 5"         [_thread_blocked, id=11244, stack(0x000000a9e2500000,0x000000a9e2600000) (1024K)]
  0x000002577d952d80 JavaThread "Execution worker Thread 6"         [_thread_blocked, id=51908, stack(0x000000a9e2600000,0x000000a9e2700000) (1024K)]
  0x000002577d9526f0 JavaThread "Execution worker Thread 7"         [_thread_blocked, id=10744, stack(0x000000a9e2700000,0x000000a9e2800000) (1024K)]
  0x000002577d9547c0 JavaThread "Execution worker Thread 8"         [_thread_blocked, id=17016, stack(0x000000a9e2800000,0x000000a9e2900000) (1024K)]
  0x000002577d953410 JavaThread "Execution worker Thread 9"         [_thread_blocked, id=39128, stack(0x000000a9e2900000,0x000000a9e2a00000) (1024K)]
  0x000002577d952060 JavaThread "Execution worker Thread 10"        [_thread_blocked, id=9256, stack(0x000000a9e2a00000,0x000000a9e2b00000) (1024K)]
  0x0000025700594f70 JavaThread "Execution worker Thread 11"        [_thread_blocked, id=2688, stack(0x000000a9e2b00000,0x000000a9e2c00000) (1024K)]
  0x0000025700592ea0 JavaThread "Cache worker for execution history cache (C:\Users\Kush\AndroidStudioProjects\LocationApp\.gradle\8.9\executionHistory)"        [_thread_blocked, id=49436, stack(0x000000a9e2c00000,0x000000a9e2d00000) (1024K)]
  0x000002577cd876b0 JavaThread "Unconstrained build operations Thread 34"        [_thread_blocked, id=35444, stack(0x000000a9e2d00000,0x000000a9e2e00000) (1024K)]
  0x000002577cd890f0 JavaThread "Unconstrained build operations Thread 35"        [_thread_blocked, id=42392, stack(0x000000a9e2e00000,0x000000a9e2f00000) (1024K)]
  0x000002577cd848c0 JavaThread "Unconstrained build operations Thread 36"        [_thread_blocked, id=45044, stack(0x000000a9e2f00000,0x000000a9e3000000) (1024K)]
  0x000002577cd87d40 JavaThread "Unconstrained build operations Thread 37"        [_thread_blocked, id=21180, stack(0x000000a9e3000000,0x000000a9e3100000) (1024K)]
  0x000002577cd86990 JavaThread "Unconstrained build operations Thread 38"        [_thread_blocked, id=45760, stack(0x000000a9e3100000,0x000000a9e3200000) (1024K)]
  0x000002577cd89780 JavaThread "Unconstrained build operations Thread 39"        [_thread_blocked, id=28724, stack(0x000000a9e3200000,0x000000a9e3300000) (1024K)]
  0x000002577cd87020 JavaThread "Unconstrained build operations Thread 40"        [_thread_blocked, id=3572, stack(0x000000a9e3300000,0x000000a9e3400000) (1024K)]
  0x000002577cd883d0 JavaThread "Unconstrained build operations Thread 41"        [_thread_blocked, id=49144, stack(0x000000a9e3400000,0x000000a9e3500000) (1024K)]
  0x000002577cd88a60 JavaThread "Unconstrained build operations Thread 42"        [_thread_blocked, id=46372, stack(0x000000a9e3500000,0x000000a9e3600000) (1024K)]
  0x000002577cd83510 JavaThread "Unconstrained build operations Thread 43"        [_thread_blocked, id=26596, stack(0x000000a9e3600000,0x000000a9e3700000) (1024K)]
  0x000002577cd89e10 JavaThread "Unconstrained build operations Thread 44"        [_thread_blocked, id=50672, stack(0x000000a9e3700000,0x000000a9e3800000) (1024K)]
  0x000002577cd83ba0 JavaThread "Unconstrained build operations Thread 45"        [_thread_blocked, id=46088, stack(0x000000a9e3800000,0x000000a9e3900000) (1024K)]
  0x000002577cd86300 JavaThread "Unconstrained build operations Thread 46"        [_thread_blocked, id=34680, stack(0x000000a9e3900000,0x000000a9e3a00000) (1024K)]
  0x000002577cd8a4a0 JavaThread "Unconstrained build operations Thread 47"        [_thread_blocked, id=35460, stack(0x000000a9e3a00000,0x000000a9e3b00000) (1024K)]
  0x000002577cd8ab30 JavaThread "Unconstrained build operations Thread 48"        [_thread_blocked, id=51372, stack(0x000000a9e3b00000,0x000000a9e3c00000) (1024K)]
  0x000002577cd84f50 JavaThread "Unconstrained build operations Thread 49"        [_thread_blocked, id=24868, stack(0x000000a9e3c00000,0x000000a9e3d00000) (1024K)]
  0x000002577cd855e0 JavaThread "Unconstrained build operations Thread 50"        [_thread_blocked, id=12416, stack(0x000000a9e3d00000,0x000000a9e3e00000) (1024K)]
  0x000002577cd85c70 JavaThread "Unconstrained build operations Thread 51"        [_thread_blocked, id=36264, stack(0x000000a9e3e00000,0x000000a9e3f00000) (1024K)]
  0x0000025700595600 JavaThread "Unconstrained build operations Thread 52"        [_thread_blocked, id=31360, stack(0x000000a9e3f00000,0x000000a9e4000000) (1024K)]
  0x0000025700593bc0 JavaThread "Unconstrained build operations Thread 53"        [_thread_blocked, id=34720, stack(0x000000a9e4000000,0x000000a9e4100000) (1024K)]
  0x0000025700592180 JavaThread "Unconstrained build operations Thread 54"        [_thread_blocked, id=25132, stack(0x000000a9e4100000,0x000000a9e4200000) (1024K)]
  0x0000025700594250 JavaThread "Unconstrained build operations Thread 55"        [_thread_blocked, id=9924, stack(0x000000a9e4200000,0x000000a9e4300000) (1024K)]
  0x00000257067522b0 JavaThread "WorkerExecutor Queue"              [_thread_in_Java, id=35640, stack(0x000000a9e4300000,0x000000a9e4400000) (1024K)]
  0x0000025706757800 JavaThread "Unconstrained build operations Thread 56"        [_thread_blocked, id=50812, stack(0x000000a9e4400000,0x000000a9e4500000) (1024K)]
  0x0000025706757e90 JavaThread "WorkerExecutor Queue Thread 2"        [_thread_blocked, id=43892, stack(0x000000a9e4500000,0x000000a9e4600000) (1024K)]
  0x0000025706759240 JavaThread "Unconstrained build operations Thread 57"        [_thread_blocked, id=51112, stack(0x000000a9e4600000,0x000000a9e4700000) (1024K)]
  0x0000025706754380 JavaThread "Unconstrained build operations Thread 58"        [_thread_blocked, id=48428, stack(0x000000a9e4700000,0x000000a9e4800000) (1024K)]
  0x0000025706753660 JavaThread "Unconstrained build operations Thread 59"        [_thread_blocked, id=7528, stack(0x000000a9e4800000,0x000000a9e4900000) (1024K)]
  0x0000025700f9fe20 JavaThread "Unconstrained build operations Thread 60"        [_thread_blocked, id=43920, stack(0x000000a9e4900000,0x000000a9e4a00000) (1024K)]
  0x0000025700f9f790 JavaThread "Unconstrained build operations Thread 61"        [_thread_blocked, id=37692, stack(0x000000a9e4a00000,0x000000a9e4b00000) (1024K)]
  0x0000025700fa04b0 JavaThread "Unconstrained build operations Thread 62"        [_thread_blocked, id=48108, stack(0x000000a9e4b00000,0x000000a9e4c00000) (1024K)]
  0x0000025700f9ea70 JavaThread "Unconstrained build operations Thread 63"        [_thread_blocked, id=16788, stack(0x000000a9e4c00000,0x000000a9e4d00000) (1024K)]
  0x0000025700fa0b40 JavaThread "Unconstrained build operations Thread 64"        [_thread_blocked, id=44500, stack(0x000000a9e4d00000,0x000000a9e4e00000) (1024K)]
  0x0000025700fa11d0 JavaThread "Unconstrained build operations Thread 65"        [_thread_blocked, id=31760, stack(0x000000a9e4e00000,0x000000a9e4f00000) (1024K)]
  0x0000025700f9e3e0 JavaThread "Unconstrained build operations Thread 66"        [_thread_blocked, id=44696, stack(0x000000a9e4f00000,0x000000a9e5000000) (1024K)]
  0x0000025700f9dd50 JavaThread "Unconstrained build operations Thread 67"        [_thread_blocked, id=6800, stack(0x000000a9e5000000,0x000000a9e5100000) (1024K)]
  0x0000025700f9f100 JavaThread "Unconstrained build operations Thread 68"        [_thread_blocked, id=49628, stack(0x000000a9e5100000,0x000000a9e5200000) (1024K)]
  0x0000025701130ee0 JavaThread "Unconstrained build operations Thread 69"        [_thread_blocked, id=19924, stack(0x000000a9e5200000,0x000000a9e5300000) (1024K)]
  0x0000025701134360 JavaThread "Unconstrained build operations Thread 70"        [_thread_blocked, id=30088, stack(0x000000a9e5300000,0x000000a9e5400000) (1024K)]
  0x000002570112f4a0 JavaThread "Unconstrained build operations Thread 71"        [_thread_blocked, id=10500, stack(0x000000a9e5400000,0x000000a9e5500000) (1024K)]
  0x0000025701130850 JavaThread "Unconstrained build operations Thread 72"        [_thread_blocked, id=17384, stack(0x000000a9e5500000,0x000000a9e5600000) (1024K)]
  0x000002570112fb30 JavaThread "Unconstrained build operations Thread 73"        [_thread_blocked, id=48840, stack(0x000000a9e5600000,0x000000a9e5700000) (1024K)]
  0x00000257011349f0 JavaThread "Unconstrained build operations Thread 74"        [_thread_blocked, id=26824, stack(0x000000a9e5700000,0x000000a9e5800000) (1024K)]
  0x0000025701132fb0 JavaThread "Unconstrained build operations Thread 75"        [_thread_blocked, id=47984, stack(0x000000a9e5800000,0x000000a9e5900000) (1024K)]
  0x000002570112da60 JavaThread "Unconstrained build operations Thread 76"        [_thread_blocked, id=24360, stack(0x000000a9e5900000,0x000000a9e5a00000) (1024K)]
  0x0000025701131570 JavaThread "Unconstrained build operations Thread 77"        [_thread_blocked, id=24696, stack(0x000000a9e5a00000,0x000000a9e5b00000) (1024K)]
  0x000002570112e780 JavaThread "Unconstrained build operations Thread 78"        [_thread_blocked, id=20396, stack(0x000000a9e5b00000,0x000000a9e5c00000) (1024K)]
  0x0000025701133cd0 JavaThread "Unconstrained build operations Thread 79"        [_thread_blocked, id=45420, stack(0x000000a9e5c00000,0x000000a9e5d00000) (1024K)]
  0x0000025701135080 JavaThread "Unconstrained build operations Thread 80"        [_thread_blocked, id=32148, stack(0x000000a9e5d00000,0x000000a9e5e00000) (1024K)]
  0x000002570112e0f0 JavaThread "Unconstrained build operations Thread 81"        [_thread_blocked, id=11008, stack(0x000000a9e5e00000,0x000000a9e5f00000) (1024K)]
  0x00000257011301c0 JavaThread "Unconstrained build operations Thread 82"        [_thread_blocked, id=19920, stack(0x000000a9e5f00000,0x000000a9e6000000) (1024K)]
  0x0000025701132290 JavaThread "Unconstrained build operations Thread 83"        [_thread_blocked, id=39680, stack(0x000000a9e6000000,0x000000a9e6100000) (1024K)]
  0x0000025701133640 JavaThread "Unconstrained build operations Thread 84"        [_thread_blocked, id=46848, stack(0x000000a9e6100000,0x000000a9e6200000) (1024K)]
  0x000002570112ee10 JavaThread "Unconstrained build operations Thread 85"        [_thread_blocked, id=45408, stack(0x000000a9e6200000,0x000000a9e6300000) (1024K)]
  0x0000025701132920 JavaThread "Unconstrained build operations Thread 86"        [_thread_blocked, id=27716, stack(0x000000a9e6300000,0x000000a9e6400000) (1024K)]
  0x0000025706753cf0 JavaThread "Unconstrained build operations Thread 87"        [_thread_blocked, id=30868, stack(0x000000a9e6400000,0x000000a9e6500000) (1024K)]
  0x0000025706754a10 JavaThread "Unconstrained build operations Thread 88"        [_thread_blocked, id=38004, stack(0x000000a9e6500000,0x000000a9e6600000) (1024K)]
  0x0000025706756ae0 JavaThread "Unconstrained build operations Thread 89"        [_thread_blocked, id=45628, stack(0x000000a9e6600000,0x000000a9e6700000) (1024K)]
  0x0000025706758520 JavaThread "Unconstrained build operations Thread 90"        [_thread_blocked, id=44628, stack(0x000000a9e6700000,0x000000a9e6800000) (1024K)]
  0x0000025706751c20 JavaThread "Unconstrained build operations Thread 91"        [_thread_blocked, id=37620, stack(0x000000a9e6800000,0x000000a9e6900000) (1024K)]
  0x0000025706752940 JavaThread "Unconstrained build operations Thread 92"        [_thread_blocked, id=27740, stack(0x000000a9e6900000,0x000000a9e6a00000) (1024K)]
  0x0000025706752fd0 JavaThread "Unconstrained build operations Thread 93"        [_thread_blocked, id=47096, stack(0x000000a9e6a00000,0x000000a9e6b00000) (1024K)]
  0x00000257067550a0 JavaThread "Unconstrained build operations Thread 94"        [_thread_blocked, id=48616, stack(0x000000a9e6b00000,0x000000a9e6c00000) (1024K)]
  0x0000025706755730 JavaThread "Unconstrained build operations Thread 95"        [_thread_blocked, id=50632, stack(0x000000a9e6c00000,0x000000a9e6d00000) (1024K)]
  0x0000025706755dc0 JavaThread "Unconstrained build operations Thread 96"        [_thread_blocked, id=20988, stack(0x000000a9e6d00000,0x000000a9e6e00000) (1024K)]
  0x0000025706756450 JavaThread "Unconstrained build operations Thread 97"        [_thread_blocked, id=41412, stack(0x000000a9e6e00000,0x000000a9e6f00000) (1024K)]
  0x0000025706757170 JavaThread "Unconstrained build operations Thread 98"        [_thread_blocked, id=18420, stack(0x000000a9e6f00000,0x000000a9e7000000) (1024K)]
  0x000002577cc219a0 JavaThread "Unconstrained build operations Thread 99"        [_thread_blocked, id=11736, stack(0x000000a9e7000000,0x000000a9e7100000) (1024K)]
  0x000002577cc23a70 JavaThread "Unconstrained build operations Thread 100"        [_thread_blocked, id=35968, stack(0x000000a9e7100000,0x000000a9e7200000) (1024K)]
  0x000002577cc1ff60 JavaThread "Unconstrained build operations Thread 101"        [_thread_blocked, id=51092, stack(0x000000a9e7200000,0x000000a9e7300000) (1024K)]
  0x00000257005948e0 JavaThread "WorkerExecutor Queue Thread 3"        [_thread_in_Java, id=35660, stack(0x000000a9e7300000,0x000000a9e7400000) (1024K)]
  0x0000025700592810 JavaThread "Unconstrained build operations Thread 102"        [_thread_blocked, id=30628, stack(0x000000a9e7400000,0x000000a9e7500000) (1024K)]
  0x000002577d953aa0 JavaThread "Unconstrained build operations Thread 103"        [_thread_blocked, id=42132, stack(0x000000a9e7500000,0x000000a9e7600000) (1024K)]
  0x0000025707192650 JavaThread "Unconstrained build operations Thread 104"        [_thread_blocked, id=33612, stack(0x000000a9e7600000,0x000000a9e7700000) (1024K)]
  0x0000025707190c10 JavaThread "Unconstrained build operations Thread 105"        [_thread_blocked, id=21232, stack(0x000000a9e7700000,0x000000a9e7800000) (1024K)]
  0x0000025707194db0 JavaThread "Unconstrained build operations Thread 106"        [_thread_blocked, id=47256, stack(0x000000a9e7800000,0x000000a9e7900000) (1024K)]
  0x000002570718f1d0 JavaThread "Unconstrained build operations Thread 107"        [_thread_blocked, id=5904, stack(0x000000a9e7900000,0x000000a9e7a00000) (1024K)]
  0x000002570718e4b0 JavaThread "Unconstrained build operations Thread 108"        [_thread_blocked, id=20740, stack(0x000000a9e7a00000,0x000000a9e7b00000) (1024K)]
  0x0000025707193370 JavaThread "Unconstrained build operations Thread 109"        [_thread_blocked, id=20716, stack(0x000000a9e7b00000,0x000000a9e7c00000) (1024K)]
  0x0000025707190580 JavaThread "Unconstrained build operations Thread 110"        [_thread_blocked, id=20868, stack(0x000000a9e7c00000,0x000000a9e7d00000) (1024K)]
  0x0000025707192ce0 JavaThread "Unconstrained build operations Thread 111"        [_thread_blocked, id=35628, stack(0x000000a9e7d00000,0x000000a9e7e00000) (1024K)]
  0x00000257071912a0 JavaThread "Unconstrained build operations Thread 112"        [_thread_blocked, id=18736, stack(0x000000a9e7e00000,0x000000a9e7f00000) (1024K)]
  0x000002570718fef0 JavaThread "Unconstrained build operations Thread 113"        [_thread_blocked, id=38424, stack(0x000000a9e7f00000,0x000000a9e8000000) (1024K)]
  0x0000025707195440 JavaThread "Unconstrained build operations Thread 114"        [_thread_blocked, id=29776, stack(0x000000a9e8000000,0x000000a9e8100000) (1024K)]
  0x0000025707191930 JavaThread "Unconstrained build operations Thread 115"        [_thread_blocked, id=13708, stack(0x000000a9e8100000,0x000000a9e8200000) (1024K)]
  0x000002570718eb40 JavaThread "Unconstrained build operations Thread 116"        [_thread_blocked, id=28816, stack(0x000000a9e8200000,0x000000a9e8300000) (1024K)]
  0x0000025707195ad0 JavaThread "Unconstrained build operations Thread 117"        [_thread_blocked, id=22336, stack(0x000000a9e8300000,0x000000a9e8400000) (1024K)]
  0x0000025707191fc0 JavaThread "Unconstrained build operations Thread 118"        [_thread_blocked, id=23224, stack(0x000000a9e8400000,0x000000a9e8500000) (1024K)]
  0x0000025707193a00 JavaThread "Unconstrained build operations Thread 119"        [_thread_blocked, id=28368, stack(0x000000a9e8500000,0x000000a9e8600000) (1024K)]
  0x0000025707196160 JavaThread "Unconstrained build operations Thread 120"        [_thread_blocked, id=38156, stack(0x000000a9e8600000,0x000000a9e8700000) (1024K)]
  0x0000025707194720 JavaThread "pool-3-thread-1"                   [_thread_blocked, id=51224, stack(0x000000a9e8700000,0x000000a9e8800000) (1024K)]
  0x00000257071988c0 JavaThread "stderr"                            [_thread_in_native, id=34448, stack(0x000000a9e8800000,0x000000a9e8900000) (1024K)]
  0x000002570719d780 JavaThread "stdout"                            [_thread_in_native, id=18288, stack(0x000000a9e8900000,0x000000a9e8a00000) (1024K)]
  0x0000025701303f60 JavaThread "C2 CompilerThread1"         daemon [_thread_in_native, id=37136, stack(0x000000a9ddb00000,0x000000a9ddc00000) (1024K)]
  0x00000257071995e0 JavaThread "Cache worker for Java compile cache (C:\Users\Kush\.gradle\caches\8.9\javaCompile)"        [_thread_blocked, id=44192, stack(0x000000a9e8a00000,0x000000a9e8b00000) (1024K)]
  0x000002570719a990 JavaThread "Build operations"                  [_thread_blocked, id=26068, stack(0x000000a9e8b00000,0x000000a9e8c00000) (1024K)]
  0x000002570719b020 JavaThread "Build operations Thread 2"         [_thread_blocked, id=44004, stack(0x000000a9e8c00000,0x000000a9e8d00000) (1024K)]
  0x000002570719b6b0 JavaThread "Build operations Thread 3"         [_thread_blocked, id=37420, stack(0x000000a9e8d00000,0x000000a9e8e00000) (1024K)]
  0x000002570719bd40 JavaThread "Build operations Thread 4"         [_thread_blocked, id=44116, stack(0x000000a9e8e00000,0x000000a9e8f00000) (1024K)]
  0x000002570719c3d0 JavaThread "Build operations Thread 5"         [_thread_blocked, id=23992, stack(0x000000a9e8f00000,0x000000a9e9000000) (1024K)]
  0x0000025707198230 JavaThread "Build operations Thread 6"         [_thread_blocked, id=28756, stack(0x000000a9e9000000,0x000000a9e9100000) (1024K)]
  0x0000025707198f50 JavaThread "Build operations Thread 7"         [_thread_blocked, id=24564, stack(0x000000a9e9100000,0x000000a9e9200000) (1024K)]
  0x0000025707196e80 JavaThread "Build operations Thread 8"         [_thread_blocked, id=51972, stack(0x000000a9e9200000,0x000000a9e9300000) (1024K)]
  0x0000025707197ba0 JavaThread "Build operations Thread 9"         [_thread_blocked, id=23272, stack(0x000000a9e9300000,0x000000a9e9400000) (1024K)]
  0x000002570719d0f0 JavaThread "Build operations Thread 10"        [_thread_blocked, id=29416, stack(0x000000a9e9400000,0x000000a9e9500000) (1024K)]
  0x0000025707197510 JavaThread "Build operations Thread 11"        [_thread_blocked, id=7932, stack(0x000000a9e9500000,0x000000a9e9600000) (1024K)]
  0x000002577be5fb30 JavaThread "WorkerExecutor Queue Thread 4"        [_thread_blocked, id=8872, stack(0x000000a9e9600000,0x000000a9e9700000) (1024K)]
  0x000002577be63cd0 JavaThread "WorkerExecutor Queue Thread 5"        [_thread_blocked, id=35600, stack(0x000000a9e9700000,0x000000a9e9800000) (1024K)]
  0x000002577be64360 JavaThread "WorkerExecutor Queue Thread 6"        [_thread_in_vm, id=24188, stack(0x000000a9e9800000,0x000000a9e9900000) (1024K)]
  0x000002577be61570 JavaThread "WorkerExecutor Queue Thread 7"        [_thread_blocked, id=33208, stack(0x000000a9e9900000,0x000000a9e9a00000) (1024K)]
  0x000002577be649f0 JavaThread "WorkerExecutor Queue Thread 8"        [_thread_blocked, id=44060, stack(0x000000a9e9a00000,0x000000a9e9b00000) (1024K)]
  0x000002577be65080 JavaThread "WorkerExecutor Queue Thread 9"        [_thread_blocked, id=40644, stack(0x000000a9e9b00000,0x000000a9e9c00000) (1024K)]
  0x000002577be65da0 JavaThread "WorkerExecutor Queue Thread 10"        [_thread_in_Java, id=2604, stack(0x000000a9e9c00000,0x000000a9e9d00000) (1024K)]
  0x000002577be5ee10 JavaThread "WorkerExecutor Queue Thread 11"        [_thread_in_Java, id=30092, stack(0x000000a9e9d00000,0x000000a9e9e00000) (1024K)]
  0x000002577be66430 JavaThread "WorkerExecutor Queue Thread 12"        [_thread_blocked, id=6352, stack(0x000000a9e9e00000,0x000000a9e9f00000) (1024K)]
  0x000002577be5f4a0 JavaThread "WorkerExecutor Queue Thread 13"        [_thread_in_Java, id=31772, stack(0x000000a9e9f00000,0x000000a9ea000000) (1024K)]
Total: 196

Other Threads:
  0x0000025775263a40 VMThread "VM Thread"                           [id=48512, stack(0x000000a9dd000000,0x000000a9dd100000) (1024K)]
  0x00000257750dd3f0 WatcherThread "VM Periodic Task Thread"        [id=33784, stack(0x000000a9dcf00000,0x000000a9dd000000) (1024K)]
  0x000002575d6143e0 WorkerThread "GC Thread#0"                     [id=18524, stack(0x000000a9dca00000,0x000000a9dcb00000) (1024K)]
  0x000002577a22eea0 WorkerThread "GC Thread#1"                     [id=47324, stack(0x000000a9ddd00000,0x000000a9dde00000) (1024K)]
  0x0000025775861490 WorkerThread "GC Thread#2"                     [id=50308, stack(0x000000a9dde00000,0x000000a9ddf00000) (1024K)]
  0x0000025775ba5410 WorkerThread "GC Thread#3"                     [id=33576, stack(0x000000a9ddf00000,0x000000a9de000000) (1024K)]
  0x0000025775ba57b0 WorkerThread "GC Thread#4"                     [id=43300, stack(0x000000a9de000000,0x000000a9de100000) (1024K)]
  0x0000025775cbb9b0 WorkerThread "GC Thread#5"                     [id=52200, stack(0x000000a9de100000,0x000000a9de200000) (1024K)]
  0x000002577b689900 WorkerThread "GC Thread#6"                     [id=48312, stack(0x000000a9dec00000,0x000000a9ded00000) (1024K)]
  0x000002577b68eff0 WorkerThread "GC Thread#7"                     [id=7372, stack(0x000000a9ded00000,0x000000a9dee00000) (1024K)]
  0x000002577b6aa6d0 WorkerThread "GC Thread#8"                     [id=45696, stack(0x000000a9dee00000,0x000000a9def00000) (1024K)]
  0x000002577b6a9850 WorkerThread "GC Thread#9"                     [id=30316, stack(0x000000a9def00000,0x000000a9df000000) (1024K)]
  0x000002575d625440 ConcurrentGCThread "G1 Main Marker"            [id=27172, stack(0x000000a9dcb00000,0x000000a9dcc00000) (1024K)]
  0x000002575d629610 WorkerThread "G1 Conc#0"                       [id=46468, stack(0x000000a9dcc00000,0x000000a9dcd00000) (1024K)]
  0x000002577b6a9bf0 WorkerThread "G1 Conc#1"                       [id=1808, stack(0x000000a9df000000,0x000000a9df100000) (1024K)]
  0x000002577b6a9f90 WorkerThread "G1 Conc#2"                       [id=12644, stack(0x000000a9df100000,0x000000a9df200000) (1024K)]
  0x0000025774fac1e0 ConcurrentGCThread "G1 Refine#0"               [id=16824, stack(0x000000a9dcd00000,0x000000a9dce00000) (1024K)]
  0x0000025774fada10 ConcurrentGCThread "G1 Service"                [id=49908, stack(0x000000a9dce00000,0x000000a9dcf00000) (1024K)]
Total: 18

Threads with active compile tasks:
C2 CompilerThread0    18669 16582       4       java.lang.invoke.MethodHandleImpl::makePairwiseConvertByEditor (617 bytes)
C1 CompilerThread0    18669 17495       3       com.android.tools.r8.internal.YR::compareTo (134 bytes)
C2 CompilerThread1    18669 17038       4       com.android.tools.r8.internal.Mt0::a (549 bytes)
Total: 3

VM state: not at safepoint (normal execution)

VM Mutex/Monitor currently owned by a thread: None

Heap address: 0x0000000080000000, size: 2048 MB, Compressed Oops mode: 32-bit

CDS archive(s) not mapped
Compressed class space mapped at: 0x0000000100000000-0x0000000140000000, reserved size: 1073741824
Narrow klass base: 0x0000000000000000, Narrow klass shift: 3, Narrow klass range: 0x140000000

GC Precious Log:
 CardTable entry size: 512
 Card Set container configuration: InlinePtr #cards 5 size 8 Array Of Cards #cards 12 size 40 Howl #buckets 4 coarsen threshold 1843 Howl Bitmap #cards 512 size 80 coarsen threshold 460 Card regions per heap region 1 cards per card region 2048
 CPUs: 12 total, 12 available
 Memory: 16310M
 Large Page Support: Disabled
 NUMA Support: Disabled
 Compressed Oops: Enabled (32-bit)
 Heap Region Size: 1M
 Heap Min Capacity: 8M
 Heap Initial Capacity: 256M
 Heap Max Capacity: 2G
 Pre-touch: Disabled
 Parallel Workers: 10
 Concurrent Workers: 3
 Concurrent Refinement Workers: 10
 Periodic GC: Disabled

Heap:
 garbage-first heap   total 257024K, used 206526K [0x0000000080000000, 0x0000000100000000)
  region size 1024K, 78 young (79872K), 11 survivors (11264K)
 Metaspace       used 142139K, committed 144448K, reserved 1179648K
  class space    used 19806K, committed 20928K, reserved 1048576K

Heap Regions: E=young(eden), S=young(survivor), O=old, HS=humongous(starts), HC=humongous(continues), CS=collection set, F=free, TAMS=top-at-mark-start, PB=parsable bottom
|   0|0x0000000080000000, 0x0000000080100000, 0x0000000080100000|100%|HS|  |TAMS 0x0000000080000000| PB 0x0000000080000000| Complete 
|   1|0x0000000080100000, 0x0000000080200000, 0x0000000080200000|100%|HC|  |TAMS 0x0000000080100000| PB 0x0000000080100000| Complete 
|   2|0x0000000080200000, 0x0000000080300000, 0x0000000080300000|100%|HC|  |TAMS 0x0000000080200000| PB 0x0000000080200000| Complete 
|   3|0x0000000080300000, 0x0000000080400000, 0x0000000080400000|100%|HC|  |TAMS 0x0000000080300000| PB 0x0000000080300000| Complete 
|   4|0x0000000080400000, 0x0000000080500000, 0x0000000080500000|100%| O|  |TAMS 0x0000000080400000| PB 0x0000000080400000| Untracked 
|   5|0x0000000080500000, 0x0000000080600000, 0x0000000080600000|100%| O|  |TAMS 0x0000000080500000| PB 0x0000000080500000| Untracked 
|   6|0x0000000080600000, 0x0000000080700000, 0x0000000080700000|100%| O|  |TAMS 0x0000000080600000| PB 0x0000000080600000| Untracked 
|   7|0x0000000080700000, 0x0000000080800000, 0x0000000080800000|100%| O|  |TAMS 0x0000000080700000| PB 0x0000000080700000| Untracked 
|   8|0x0000000080800000, 0x0000000080900000, 0x0000000080900000|100%| O|  |TAMS 0x0000000080800000| PB 0x0000000080800000| Untracked 
|   9|0x0000000080900000, 0x0000000080a00000, 0x0000000080a00000|100%| O|  |TAMS 0x0000000080900000| PB 0x0000000080900000| Untracked 
|  10|0x0000000080a00000, 0x0000000080b00000, 0x0000000080b00000|100%|HS|  |TAMS 0x0000000080a00000| PB 0x0000000080a00000| Complete 
|  11|0x0000000080b00000, 0x0000000080c00000, 0x0000000080c00000|100%| O|  |TAMS 0x0000000080b00000| PB 0x0000000080b00000| Untracked 
|  12|0x0000000080c00000, 0x0000000080d00000, 0x0000000080d00000|100%| O|  |TAMS 0x0000000080c00000| PB 0x0000000080c00000| Untracked 
|  13|0x0000000080d00000, 0x0000000080e00000, 0x0000000080e00000|100%| O|  |TAMS 0x0000000080d00000| PB 0x0000000080d00000| Untracked 
|  14|0x0000000080e00000, 0x0000000080f00000, 0x0000000080f00000|100%| O|  |TAMS 0x0000000080e00000| PB 0x0000000080e00000| Untracked 
|  15|0x0000000080f00000, 0x0000000081000000, 0x0000000081000000|100%| O|  |TAMS 0x0000000080f00000| PB 0x0000000080f00000| Untracked 
|  16|0x0000000081000000, 0x0000000081100000, 0x0000000081100000|100%| O|  |TAMS 0x0000000081000000| PB 0x0000000081000000| Untracked 
|  17|0x0000000081100000, 0x0000000081200000, 0x0000000081200000|100%| O|  |TAMS 0x0000000081100000| PB 0x0000000081100000| Untracked 
|  18|0x0000000081200000, 0x0000000081300000, 0x0000000081300000|100%| O|  |TAMS 0x0000000081200000| PB 0x0000000081200000| Untracked 
|  19|0x0000000081300000, 0x0000000081400000, 0x0000000081400000|100%| O|  |TAMS 0x0000000081300000| PB 0x0000000081300000| Untracked 
|  20|0x0000000081400000, 0x0000000081500000, 0x0000000081500000|100%| O|  |TAMS 0x0000000081400000| PB 0x0000000081400000| Untracked 
|  21|0x0000000081500000, 0x0000000081600000, 0x0000000081600000|100%| O|  |TAMS 0x0000000081500000| PB 0x0000000081500000| Untracked 
|  22|0x0000000081600000, 0x0000000081700000, 0x0000000081700000|100%| O|  |TAMS 0x0000000081600000| PB 0x0000000081600000| Untracked 
|  23|0x0000000081700000, 0x0000000081800000, 0x0000000081800000|100%| O|  |TAMS 0x0000000081700000| PB 0x0000000081700000| Untracked 
|  24|0x0000000081800000, 0x0000000081900000, 0x0000000081900000|100%| O|  |TAMS 0x0000000081800000| PB 0x0000000081800000| Untracked 
|  25|0x0000000081900000, 0x0000000081a00000, 0x0000000081a00000|100%| O|  |TAMS 0x0000000081900000| PB 0x0000000081900000| Untracked 
|  26|0x0000000081a00000, 0x0000000081b00000, 0x0000000081b00000|100%| O|  |TAMS 0x0000000081a00000| PB 0x0000000081a00000| Untracked 
|  27|0x0000000081b00000, 0x0000000081c00000, 0x0000000081c00000|100%| O|  |TAMS 0x0000000081b00000| PB 0x0000000081b00000| Untracked 
|  28|0x0000000081c00000, 0x0000000081d00000, 0x0000000081d00000|100%| O|  |TAMS 0x0000000081c00000| PB 0x0000000081c00000| Untracked 
|  29|0x0000000081d00000, 0x0000000081e00000, 0x0000000081e00000|100%| O|  |TAMS 0x0000000081d00000| PB 0x0000000081d00000| Untracked 
|  30|0x0000000081e00000, 0x0000000081f00000, 0x0000000081f00000|100%| O|  |TAMS 0x0000000081e00000| PB 0x0000000081e00000| Untracked 
|  31|0x0000000081f00000, 0x0000000082000000, 0x0000000082000000|100%| O|  |TAMS 0x0000000081f00000| PB 0x0000000081f00000| Untracked 
|  32|0x0000000082000000, 0x0000000082100000, 0x0000000082100000|100%| O|  |TAMS 0x0000000082000000| PB 0x0000000082000000| Untracked 
|  33|0x0000000082100000, 0x0000000082200000, 0x0000000082200000|100%| O|  |TAMS 0x0000000082100000| PB 0x0000000082100000| Untracked 
|  34|0x0000000082200000, 0x0000000082300000, 0x0000000082300000|100%| O|  |TAMS 0x0000000082200000| PB 0x0000000082200000| Untracked 
|  35|0x0000000082300000, 0x0000000082400000, 0x0000000082400000|100%| O|  |TAMS 0x0000000082300000| PB 0x0000000082300000| Untracked 
|  36|0x0000000082400000, 0x0000000082500000, 0x0000000082500000|100%| O|  |TAMS 0x0000000082400000| PB 0x0000000082400000| Untracked 
|  37|0x0000000082500000, 0x0000000082600000, 0x0000000082600000|100%| O|  |TAMS 0x0000000082500000| PB 0x0000000082500000| Untracked 
|  38|0x0000000082600000, 0x0000000082700000, 0x0000000082700000|100%| O|  |TAMS 0x0000000082600000| PB 0x0000000082600000| Untracked 
|  39|0x0000000082700000, 0x0000000082800000, 0x0000000082800000|100%| O|  |TAMS 0x0000000082700000| PB 0x0000000082700000| Untracked 
|  40|0x0000000082800000, 0x0000000082900000, 0x0000000082900000|100%| O|  |TAMS 0x0000000082800000| PB 0x0000000082800000| Untracked 
|  41|0x0000000082900000, 0x0000000082a00000, 0x0000000082a00000|100%| O|  |TAMS 0x0000000082900000| PB 0x0000000082900000| Untracked 
|  42|0x0000000082a00000, 0x0000000082b00000, 0x0000000082b00000|100%| O|  |TAMS 0x0000000082a00000| PB 0x0000000082a00000| Untracked 
|  43|0x0000000082b00000, 0x0000000082c00000, 0x0000000082c00000|100%| O|  |TAMS 0x0000000082b00000| PB 0x0000000082b00000| Untracked 
|  44|0x0000000082c00000, 0x0000000082d00000, 0x0000000082d00000|100%|HS|  |TAMS 0x0000000082c00000| PB 0x0000000082c00000| Complete 
|  45|0x0000000082d00000, 0x0000000082e00000, 0x0000000082e00000|100%| O|  |TAMS 0x0000000082d00000| PB 0x0000000082d00000| Untracked 
|  46|0x0000000082e00000, 0x0000000082f00000, 0x0000000082f00000|100%| O|  |TAMS 0x0000000082e00000| PB 0x0000000082e00000| Untracked 
|  47|0x0000000082f00000, 0x0000000083000000, 0x0000000083000000|100%| O|  |TAMS 0x0000000082f00000| PB 0x0000000082f00000| Untracked 
|  48|0x0000000083000000, 0x0000000083100000, 0x0000000083100000|100%|HS|  |TAMS 0x0000000083000000| PB 0x0000000083000000| Complete 
|  49|0x0000000083100000, 0x0000000083200000, 0x0000000083200000|100%|HS|  |TAMS 0x0000000083100000| PB 0x0000000083100000| Complete 
|  50|0x0000000083200000, 0x0000000083300000, 0x0000000083300000|100%|HS|  |TAMS 0x0000000083200000| PB 0x0000000083200000| Complete 
|  51|0x0000000083300000, 0x0000000083400000, 0x0000000083400000|100%| O|  |TAMS 0x0000000083300000| PB 0x0000000083300000| Untracked 
|  52|0x0000000083400000, 0x0000000083500000, 0x0000000083500000|100%|HS|  |TAMS 0x0000000083400000| PB 0x0000000083400000| Complete 
|  53|0x0000000083500000, 0x0000000083600000, 0x0000000083600000|100%|HS|  |TAMS 0x0000000083500000| PB 0x0000000083500000| Complete 
|  54|0x0000000083600000, 0x0000000083700000, 0x0000000083700000|100%| O|  |TAMS 0x0000000083600000| PB 0x0000000083600000| Untracked 
|  55|0x0000000083700000, 0x0000000083800000, 0x0000000083800000|100%| O|  |TAMS 0x0000000083700000| PB 0x0000000083700000| Untracked 
|  56|0x0000000083800000, 0x0000000083900000, 0x0000000083900000|100%| O|  |TAMS 0x0000000083800000| PB 0x0000000083800000| Untracked 
|  57|0x0000000083900000, 0x0000000083a00000, 0x0000000083a00000|100%| O|  |TAMS 0x0000000083900000| PB 0x0000000083900000| Untracked 
|  58|0x0000000083a00000, 0x0000000083b00000, 0x0000000083b00000|100%| O|  |TAMS 0x0000000083a00000| PB 0x0000000083a00000| Untracked 
|  59|0x0000000083b00000, 0x0000000083c00000, 0x0000000083c00000|100%| O|  |TAMS 0x0000000083b00000| PB 0x0000000083b00000| Untracked 
|  60|0x0000000083c00000, 0x0000000083d00000, 0x0000000083d00000|100%| O|  |TAMS 0x0000000083c00000| PB 0x0000000083c00000| Untracked 
|  61|0x0000000083d00000, 0x0000000083e00000, 0x0000000083e00000|100%|HS|  |TAMS 0x0000000083d00000| PB 0x0000000083d00000| Complete 
|  62|0x0000000083e00000, 0x0000000083f00000, 0x0000000083f00000|100%| O|  |TAMS 0x0000000083e00000| PB 0x0000000083e00000| Untracked 
|  63|0x0000000083f00000, 0x0000000084000000, 0x0000000084000000|100%| O|  |TAMS 0x0000000083f00000| PB 0x0000000083f00000| Untracked 
|  64|0x0000000084000000, 0x0000000084100000, 0x0000000084100000|100%| O|  |TAMS 0x0000000084000000| PB 0x0000000084000000| Untracked 
|  65|0x0000000084100000, 0x0000000084200000, 0x0000000084200000|100%| O|  |TAMS 0x0000000084100000| PB 0x0000000084100000| Untracked 
|  66|0x0000000084200000, 0x0000000084300000, 0x0000000084300000|100%| O|  |TAMS 0x0000000084200000| PB 0x0000000084200000| Untracked 
|  67|0x0000000084300000, 0x0000000084400000, 0x0000000084400000|100%| O|  |TAMS 0x0000000084300000| PB 0x0000000084300000| Untracked 
|  68|0x0000000084400000, 0x0000000084500000, 0x0000000084500000|100%| O|  |TAMS 0x0000000084400000| PB 0x0000000084400000| Untracked 
|  69|0x0000000084500000, 0x0000000084600000, 0x0000000084600000|100%| O|  |TAMS 0x0000000084500000| PB 0x0000000084500000| Untracked 
|  70|0x0000000084600000, 0x0000000084700000, 0x0000000084700000|100%| O|  |TAMS 0x0000000084600000| PB 0x0000000084600000| Untracked 
|  71|0x0000000084700000, 0x0000000084800000, 0x0000000084800000|100%| O|  |TAMS 0x0000000084700000| PB 0x0000000084700000| Untracked 
|  72|0x0000000084800000, 0x0000000084900000, 0x0000000084900000|100%| O|  |TAMS 0x0000000084800000| PB 0x0000000084800000| Untracked 
|  73|0x0000000084900000, 0x0000000084a00000, 0x0000000084a00000|100%| O|  |TAMS 0x0000000084900000| PB 0x0000000084900000| Untracked 
|  74|0x0000000084a00000, 0x0000000084b00000, 0x0000000084b00000|100%| O|  |TAMS 0x0000000084a00000| PB 0x0000000084a00000| Untracked 
|  75|0x0000000084b00000, 0x0000000084c00000, 0x0000000084c00000|100%| O|  |TAMS 0x0000000084b00000| PB 0x0000000084b00000| Untracked 
|  76|0x0000000084c00000, 0x0000000084d00000, 0x0000000084d00000|100%| O|  |TAMS 0x0000000084c00000| PB 0x0000000084c00000| Untracked 
|  77|0x0000000084d00000, 0x0000000084e00000, 0x0000000084e00000|100%| O|  |TAMS 0x0000000084d00000| PB 0x0000000084d00000| Untracked 
|  78|0x0000000084e00000, 0x0000000084f00000, 0x0000000084f00000|100%| O|  |TAMS 0x0000000084e00000| PB 0x0000000084e00000| Untracked 
|  79|0x0000000084f00000, 0x0000000085000000, 0x0000000085000000|100%| O|  |TAMS 0x0000000084f00000| PB 0x0000000084f00000| Untracked 
|  80|0x0000000085000000, 0x0000000085100000, 0x0000000085100000|100%| O|  |TAMS 0x0000000085000000| PB 0x0000000085000000| Untracked 
|  81|0x0000000085100000, 0x0000000085200000, 0x0000000085200000|100%| O|Cm|TAMS 0x0000000085100000| PB 0x0000000085100000| Complete 
|  82|0x0000000085200000, 0x0000000085300000, 0x0000000085300000|100%| O|  |TAMS 0x0000000085200000| PB 0x0000000085200000| Untracked 
|  83|0x0000000085300000, 0x0000000085300000, 0x0000000085400000|  0%| F|  |TAMS 0x0000000085300000| PB 0x0000000085300000| Untracked 
|  84|0x0000000085400000, 0x0000000085500000, 0x0000000085500000|100%| O|Cm|TAMS 0x0000000085400000| PB 0x0000000085400000| Complete 
|  85|0x0000000085500000, 0x0000000085600000, 0x0000000085600000|100%| O|Cm|TAMS 0x0000000085500000| PB 0x0000000085500000| Complete 
|  86|0x0000000085600000, 0x0000000085700000, 0x0000000085700000|100%| O|  |TAMS 0x0000000085600000| PB 0x0000000085600000| Untracked 
|  87|0x0000000085700000, 0x0000000085800000, 0x0000000085800000|100%| O|  |TAMS 0x0000000085700000| PB 0x0000000085700000| Untracked 
|  88|0x0000000085800000, 0x0000000085900000, 0x0000000085900000|100%| O|  |TAMS 0x0000000085800000| PB 0x0000000085800000| Untracked 
|  89|0x0000000085900000, 0x0000000085a00000, 0x0000000085a00000|100%| O|  |TAMS 0x0000000085900000| PB 0x0000000085900000| Untracked 
|  90|0x0000000085a00000, 0x0000000085b00000, 0x0000000085b00000|100%| O|  |TAMS 0x0000000085a00000| PB 0x0000000085a00000| Untracked 
|  91|0x0000000085b00000, 0x0000000085c00000, 0x0000000085c00000|100%| O|  |TAMS 0x0000000085b00000| PB 0x0000000085b00000| Untracked 
|  92|0x0000000085c00000, 0x0000000085c00000, 0x0000000085d00000|  0%| F|  |TAMS 0x0000000085c00000| PB 0x0000000085c00000| Untracked 
|  93|0x0000000085d00000, 0x0000000085e00000, 0x0000000085e00000|100%| O|Cm|TAMS 0x0000000085d00000| PB 0x0000000085d00000| Complete 
|  94|0x0000000085e00000, 0x0000000085f00000, 0x0000000085f00000|100%| O|Cm|TAMS 0x0000000085e00000| PB 0x0000000085e00000| Complete 
|  95|0x0000000085f00000, 0x0000000086000000, 0x0000000086000000|100%| O|Cm|TAMS 0x0000000085f00000| PB 0x0000000085f00000| Complete 
|  96|0x0000000086000000, 0x0000000086100000, 0x0000000086100000|100%| O|Cm|TAMS 0x0000000086000000| PB 0x0000000086000000| Complete 
|  97|0x0000000086100000, 0x0000000086200000, 0x0000000086200000|100%| O|Cm|TAMS 0x0000000086100000| PB 0x0000000086100000| Complete 
|  98|0x0000000086200000, 0x0000000086300000, 0x0000000086300000|100%| O|  |TAMS 0x0000000086200000| PB 0x0000000086200000| Untracked 
|  99|0x0000000086300000, 0x0000000086400000, 0x0000000086400000|100%| O|  |TAMS 0x0000000086300000| PB 0x0000000086300000| Untracked 
| 100|0x0000000086400000, 0x0000000086500000, 0x0000000086500000|100%| O|  |TAMS 0x0000000086400000| PB 0x0000000086400000| Untracked 
| 101|0x0000000086500000, 0x0000000086600000, 0x0000000086600000|100%| O|  |TAMS 0x0000000086500000| PB 0x0000000086500000| Untracked 
| 102|0x0000000086600000, 0x0000000086700000, 0x0000000086700000|100%| O|  |TAMS 0x0000000086600000| PB 0x0000000086600000| Untracked 
| 103|0x0000000086700000, 0x0000000086800000, 0x0000000086800000|100%| O|  |TAMS 0x0000000086700000| PB 0x0000000086700000| Untracked 
| 104|0x0000000086800000, 0x0000000086900000, 0x0000000086900000|100%| O|  |TAMS 0x0000000086800000| PB 0x0000000086800000| Untracked 
| 105|0x0000000086900000, 0x0000000086a00000, 0x0000000086a00000|100%| O|  |TAMS 0x0000000086900000| PB 0x0000000086900000| Untracked 
| 106|0x0000000086a00000, 0x0000000086b00000, 0x0000000086b00000|100%| O|  |TAMS 0x0000000086a00000| PB 0x0000000086a00000| Untracked 
| 107|0x0000000086b00000, 0x0000000086c00000, 0x0000000086c00000|100%| O|  |TAMS 0x0000000086b00000| PB 0x0000000086b00000| Untracked 
| 108|0x0000000086c00000, 0x0000000086d00000, 0x0000000086d00000|100%| O|  |TAMS 0x0000000086c00000| PB 0x0000000086c00000| Untracked 
| 109|0x0000000086d00000, 0x0000000086d00000, 0x0000000086e00000|  0%| F|  |TAMS 0x0000000086d00000| PB 0x0000000086d00000| Untracked 
| 110|0x0000000086e00000, 0x0000000086e00000, 0x0000000086f00000|  0%| F|  |TAMS 0x0000000086e00000| PB 0x0000000086e00000| Untracked 
| 111|0x0000000086f00000, 0x0000000086faf818, 0x0000000087000000| 68%| O|  |TAMS 0x0000000086f00000| PB 0x0000000086f00000| Untracked 
| 112|0x0000000087000000, 0x0000000087000000, 0x0000000087100000|  0%| F|  |TAMS 0x0000000087000000| PB 0x0000000087000000| Untracked 
| 113|0x0000000087100000, 0x0000000087200000, 0x0000000087200000|100%| O|Cm|TAMS 0x0000000087100000| PB 0x0000000087100000| Complete 
| 114|0x0000000087200000, 0x0000000087300000, 0x0000000087300000|100%| O|Cm|TAMS 0x0000000087200000| PB 0x0000000087200000| Complete 
| 115|0x0000000087300000, 0x0000000087300000, 0x0000000087400000|  0%| F|  |TAMS 0x0000000087300000| PB 0x0000000087300000| Untracked 
| 116|0x0000000087400000, 0x0000000087500000, 0x0000000087500000|100%| O|Cm|TAMS 0x0000000087400000| PB 0x0000000087400000| Complete 
| 117|0x0000000087500000, 0x0000000087600000, 0x0000000087600000|100%| O|Cm|TAMS 0x0000000087500000| PB 0x0000000087500000| Complete 
| 118|0x0000000087600000, 0x0000000087700000, 0x0000000087700000|100%| O|Cm|TAMS 0x0000000087600000| PB 0x0000000087600000| Complete 
| 119|0x0000000087700000, 0x0000000087800000, 0x0000000087800000|100%| O|Cm|TAMS 0x0000000087700000| PB 0x0000000087700000| Complete 
| 120|0x0000000087800000, 0x0000000087900000, 0x0000000087900000|100%| O|Cm|TAMS 0x0000000087800000| PB 0x0000000087800000| Complete 
| 121|0x0000000087900000, 0x0000000087a00000, 0x0000000087a00000|100%| O|  |TAMS 0x0000000087900000| PB 0x0000000087900000| Untracked 
| 122|0x0000000087a00000, 0x0000000087b00000, 0x0000000087b00000|100%| O|  |TAMS 0x0000000087a00000| PB 0x0000000087a00000| Untracked 
| 123|0x0000000087b00000, 0x0000000087c00000, 0x0000000087c00000|100%| O|  |TAMS 0x0000000087b00000| PB 0x0000000087b00000| Untracked 
| 124|0x0000000087c00000, 0x0000000087d00000, 0x0000000087d00000|100%| O|  |TAMS 0x0000000087c00000| PB 0x0000000087c00000| Untracked 
| 125|0x0000000087d00000, 0x0000000087e00000, 0x0000000087e00000|100%| O|  |TAMS 0x0000000087d00000| PB 0x0000000087d00000| Untracked 
| 126|0x0000000087e00000, 0x0000000087f00000, 0x0000000087f00000|100%| O|  |TAMS 0x0000000087e00000| PB 0x0000000087e00000| Untracked 
| 127|0x0000000087f00000, 0x0000000087f00000, 0x0000000088000000|  0%| F|  |TAMS 0x0000000087f00000| PB 0x0000000087f00000| Untracked 
| 128|0x0000000088000000, 0x0000000088000000, 0x0000000088100000|  0%| F|  |TAMS 0x0000000088000000| PB 0x0000000088000000| Untracked 
| 129|0x0000000088100000, 0x0000000088100000, 0x0000000088200000|  0%| F|  |TAMS 0x0000000088100000| PB 0x0000000088100000| Untracked 
| 130|0x0000000088200000, 0x0000000088200000, 0x0000000088300000|  0%| F|  |TAMS 0x0000000088200000| PB 0x0000000088200000| Untracked 
| 131|0x0000000088300000, 0x0000000088300000, 0x0000000088400000|  0%| F|  |TAMS 0x0000000088300000| PB 0x0000000088300000| Untracked 
| 132|0x0000000088400000, 0x0000000088400000, 0x0000000088500000|  0%| F|  |TAMS 0x0000000088400000| PB 0x0000000088400000| Untracked 
| 133|0x0000000088500000, 0x0000000088500000, 0x0000000088600000|  0%| F|  |TAMS 0x0000000088500000| PB 0x0000000088500000| Untracked 
| 134|0x0000000088600000, 0x0000000088600000, 0x0000000088700000|  0%| F|  |TAMS 0x0000000088600000| PB 0x0000000088600000| Untracked 
| 135|0x0000000088700000, 0x0000000088700000, 0x0000000088800000|  0%| F|  |TAMS 0x0000000088700000| PB 0x0000000088700000| Untracked 
| 136|0x0000000088800000, 0x0000000088800000, 0x0000000088900000|  0%| F|  |TAMS 0x0000000088800000| PB 0x0000000088800000| Untracked 
| 137|0x0000000088900000, 0x0000000088900000, 0x0000000088a00000|  0%| F|  |TAMS 0x0000000088900000| PB 0x0000000088900000| Untracked 
| 138|0x0000000088a00000, 0x0000000088a00000, 0x0000000088b00000|  0%| F|  |TAMS 0x0000000088a00000| PB 0x0000000088a00000| Untracked 
| 139|0x0000000088b00000, 0x0000000088b00000, 0x0000000088c00000|  0%| F|  |TAMS 0x0000000088b00000| PB 0x0000000088b00000| Untracked 
| 140|0x0000000088c00000, 0x0000000088c00000, 0x0000000088d00000|  0%| F|  |TAMS 0x0000000088c00000| PB 0x0000000088c00000| Untracked 
| 141|0x0000000088d00000, 0x0000000088d00000, 0x0000000088e00000|  0%| F|  |TAMS 0x0000000088d00000| PB 0x0000000088d00000| Untracked 
| 142|0x0000000088e00000, 0x0000000088e00000, 0x0000000088f00000|  0%| F|  |TAMS 0x0000000088e00000| PB 0x0000000088e00000| Untracked 
| 143|0x0000000088f00000, 0x0000000088f00000, 0x0000000089000000|  0%| F|  |TAMS 0x0000000088f00000| PB 0x0000000088f00000| Untracked 
| 144|0x0000000089000000, 0x0000000089100000, 0x0000000089100000|100%| S|CS|TAMS 0x0000000089000000| PB 0x0000000089000000| Complete 
| 145|0x0000000089100000, 0x0000000089200000, 0x0000000089200000|100%| S|CS|TAMS 0x0000000089100000| PB 0x0000000089100000| Complete 
| 146|0x0000000089200000, 0x0000000089300000, 0x0000000089300000|100%| S|CS|TAMS 0x0000000089200000| PB 0x0000000089200000| Complete 
| 147|0x0000000089300000, 0x0000000089400000, 0x0000000089400000|100%| S|CS|TAMS 0x0000000089300000| PB 0x0000000089300000| Complete 
| 148|0x0000000089400000, 0x0000000089400000, 0x0000000089500000|  0%| F|  |TAMS 0x0000000089400000| PB 0x0000000089400000| Untracked 
| 149|0x0000000089500000, 0x0000000089500000, 0x0000000089600000|  0%| F|  |TAMS 0x0000000089500000| PB 0x0000000089500000| Untracked 
| 150|0x0000000089600000, 0x0000000089600000, 0x0000000089700000|  0%| F|  |TAMS 0x0000000089600000| PB 0x0000000089600000| Untracked 
| 151|0x0000000089700000, 0x0000000089700000, 0x0000000089800000|  0%| F|  |TAMS 0x0000000089700000| PB 0x0000000089700000| Untracked 
| 152|0x0000000089800000, 0x0000000089900000, 0x0000000089900000|100%| S|CS|TAMS 0x0000000089800000| PB 0x0000000089800000| Complete 
| 153|0x0000000089900000, 0x0000000089a00000, 0x0000000089a00000|100%| S|CS|TAMS 0x0000000089900000| PB 0x0000000089900000| Complete 
| 154|0x0000000089a00000, 0x0000000089b00000, 0x0000000089b00000|100%| S|CS|TAMS 0x0000000089a00000| PB 0x0000000089a00000| Complete 
| 155|0x0000000089b00000, 0x0000000089c00000, 0x0000000089c00000|100%| S|CS|TAMS 0x0000000089b00000| PB 0x0000000089b00000| Complete 
| 156|0x0000000089c00000, 0x0000000089d00000, 0x0000000089d00000|100%| S|CS|TAMS 0x0000000089c00000| PB 0x0000000089c00000| Complete 
| 157|0x0000000089d00000, 0x0000000089e00000, 0x0000000089e00000|100%| S|CS|TAMS 0x0000000089d00000| PB 0x0000000089d00000| Complete 
| 158|0x0000000089e00000, 0x0000000089f00000, 0x0000000089f00000|100%| S|CS|TAMS 0x0000000089e00000| PB 0x0000000089e00000| Complete 
| 159|0x0000000089f00000, 0x0000000089f00000, 0x000000008a000000|  0%| F|  |TAMS 0x0000000089f00000| PB 0x0000000089f00000| Untracked 
| 160|0x000000008a000000, 0x000000008a000000, 0x000000008a100000|  0%| F|  |TAMS 0x000000008a000000| PB 0x000000008a000000| Untracked 
| 161|0x000000008a100000, 0x000000008a100000, 0x000000008a200000|  0%| F|  |TAMS 0x000000008a100000| PB 0x000000008a100000| Untracked 
| 162|0x000000008a200000, 0x000000008a200000, 0x000000008a300000|  0%| F|  |TAMS 0x000000008a200000| PB 0x000000008a200000| Untracked 
| 163|0x000000008a300000, 0x000000008a300000, 0x000000008a400000|  0%| F|  |TAMS 0x000000008a300000| PB 0x000000008a300000| Untracked 
| 164|0x000000008a400000, 0x000000008a400000, 0x000000008a500000|  0%| F|  |TAMS 0x000000008a400000| PB 0x000000008a400000| Untracked 
| 165|0x000000008a500000, 0x000000008a500000, 0x000000008a600000|  0%| F|  |TAMS 0x000000008a500000| PB 0x000000008a500000| Untracked 
| 166|0x000000008a600000, 0x000000008a600000, 0x000000008a700000|  0%| F|  |TAMS 0x000000008a600000| PB 0x000000008a600000| Untracked 
| 167|0x000000008a700000, 0x000000008a700000, 0x000000008a800000|  0%| F|  |TAMS 0x000000008a700000| PB 0x000000008a700000| Untracked 
| 168|0x000000008a800000, 0x000000008a800000, 0x000000008a900000|  0%| F|  |TAMS 0x000000008a800000| PB 0x000000008a800000| Untracked 
| 169|0x000000008a900000, 0x000000008a900000, 0x000000008aa00000|  0%| F|  |TAMS 0x000000008a900000| PB 0x000000008a900000| Untracked 
| 170|0x000000008aa00000, 0x000000008aa00000, 0x000000008ab00000|  0%| F|  |TAMS 0x000000008aa00000| PB 0x000000008aa00000| Untracked 
| 171|0x000000008ab00000, 0x000000008ab00000, 0x000000008ac00000|  0%| F|  |TAMS 0x000000008ab00000| PB 0x000000008ab00000| Untracked 
| 172|0x000000008ac00000, 0x000000008ac00000, 0x000000008ad00000|  0%| F|  |TAMS 0x000000008ac00000| PB 0x000000008ac00000| Untracked 
| 173|0x000000008ad00000, 0x000000008ad00000, 0x000000008ae00000|  0%| F|  |TAMS 0x000000008ad00000| PB 0x000000008ad00000| Untracked 
| 174|0x000000008ae00000, 0x000000008ae00000, 0x000000008af00000|  0%| F|  |TAMS 0x000000008ae00000| PB 0x000000008ae00000| Untracked 
| 175|0x000000008af00000, 0x000000008af00000, 0x000000008b000000|  0%| F|  |TAMS 0x000000008af00000| PB 0x000000008af00000| Untracked 
| 176|0x000000008b000000, 0x000000008b000000, 0x000000008b100000|  0%| F|  |TAMS 0x000000008b000000| PB 0x000000008b000000| Untracked 
| 177|0x000000008b100000, 0x000000008b1442f8, 0x000000008b200000| 26%| E|  |TAMS 0x000000008b100000| PB 0x000000008b100000| Complete 
| 178|0x000000008b200000, 0x000000008b300000, 0x000000008b300000|100%| E|CS|TAMS 0x000000008b200000| PB 0x000000008b200000| Complete 
| 179|0x000000008b300000, 0x000000008b400000, 0x000000008b400000|100%| E|CS|TAMS 0x000000008b300000| PB 0x000000008b300000| Complete 
| 180|0x000000008b400000, 0x000000008b500000, 0x000000008b500000|100%| E|CS|TAMS 0x000000008b400000| PB 0x000000008b400000| Complete 
| 181|0x000000008b500000, 0x000000008b600000, 0x000000008b600000|100%| E|CS|TAMS 0x000000008b500000| PB 0x000000008b500000| Complete 
| 182|0x000000008b600000, 0x000000008b700000, 0x000000008b700000|100%| E|CS|TAMS 0x000000008b600000| PB 0x000000008b600000| Complete 
| 183|0x000000008b700000, 0x000000008b800000, 0x000000008b800000|100%| E|CS|TAMS 0x000000008b700000| PB 0x000000008b700000| Complete 
| 184|0x000000008b800000, 0x000000008b900000, 0x000000008b900000|100%| E|CS|TAMS 0x000000008b800000| PB 0x000000008b800000| Complete 
| 185|0x000000008b900000, 0x000000008ba00000, 0x000000008ba00000|100%| E|CS|TAMS 0x000000008b900000| PB 0x000000008b900000| Complete 
| 186|0x000000008ba00000, 0x000000008bb00000, 0x000000008bb00000|100%| E|CS|TAMS 0x000000008ba00000| PB 0x000000008ba00000| Complete 
| 187|0x000000008bb00000, 0x000000008bc00000, 0x000000008bc00000|100%| E|CS|TAMS 0x000000008bb00000| PB 0x000000008bb00000| Complete 
| 188|0x000000008bc00000, 0x000000008bd00000, 0x000000008bd00000|100%| E|CS|TAMS 0x000000008bc00000| PB 0x000000008bc00000| Complete 
| 189|0x000000008bd00000, 0x000000008be00000, 0x000000008be00000|100%| E|CS|TAMS 0x000000008bd00000| PB 0x000000008bd00000| Complete 
| 190|0x000000008be00000, 0x000000008bf00000, 0x000000008bf00000|100%| E|CS|TAMS 0x000000008be00000| PB 0x000000008be00000| Complete 
| 191|0x000000008bf00000, 0x000000008c000000, 0x000000008c000000|100%| E|CS|TAMS 0x000000008bf00000| PB 0x000000008bf00000| Complete 
| 192|0x000000008c000000, 0x000000008c100000, 0x000000008c100000|100%| E|CS|TAMS 0x000000008c000000| PB 0x000000008c000000| Complete 
| 193|0x000000008c100000, 0x000000008c200000, 0x000000008c200000|100%| E|CS|TAMS 0x000000008c100000| PB 0x000000008c100000| Complete 
| 194|0x000000008c200000, 0x000000008c300000, 0x000000008c300000|100%| E|CS|TAMS 0x000000008c200000| PB 0x000000008c200000| Complete 
| 195|0x000000008c300000, 0x000000008c400000, 0x000000008c400000|100%| E|CS|TAMS 0x000000008c300000| PB 0x000000008c300000| Complete 
| 196|0x000000008c400000, 0x000000008c500000, 0x000000008c500000|100%| E|CS|TAMS 0x000000008c400000| PB 0x000000008c400000| Complete 
| 197|0x000000008c500000, 0x000000008c600000, 0x000000008c600000|100%| E|CS|TAMS 0x000000008c500000| PB 0x000000008c500000| Complete 
| 198|0x000000008c600000, 0x000000008c700000, 0x000000008c700000|100%| E|  |TAMS 0x000000008c600000| PB 0x000000008c600000| Complete 
| 199|0x000000008c700000, 0x000000008c800000, 0x000000008c800000|100%| E|CS|TAMS 0x000000008c700000| PB 0x000000008c700000| Complete 
| 200|0x000000008c800000, 0x000000008c900000, 0x000000008c900000|100%| E|CS|TAMS 0x000000008c800000| PB 0x000000008c800000| Complete 
| 201|0x000000008c900000, 0x000000008ca00000, 0x000000008ca00000|100%| E|CS|TAMS 0x000000008c900000| PB 0x000000008c900000| Complete 
| 202|0x000000008ca00000, 0x000000008cb00000, 0x000000008cb00000|100%| E|CS|TAMS 0x000000008ca00000| PB 0x000000008ca00000| Complete 
| 203|0x000000008cb00000, 0x000000008cc00000, 0x000000008cc00000|100%| E|CS|TAMS 0x000000008cb00000| PB 0x000000008cb00000| Complete 
| 204|0x000000008cc00000, 0x000000008cd00000, 0x000000008cd00000|100%| E|CS|TAMS 0x000000008cc00000| PB 0x000000008cc00000| Complete 
| 205|0x000000008cd00000, 0x000000008ce00000, 0x000000008ce00000|100%| E|CS|TAMS 0x000000008cd00000| PB 0x000000008cd00000| Complete 
| 206|0x000000008ce00000, 0x000000008cf00000, 0x000000008cf00000|100%| E|CS|TAMS 0x000000008ce00000| PB 0x000000008ce00000| Complete 
| 207|0x000000008cf00000, 0x000000008d000000, 0x000000008d000000|100%| E|CS|TAMS 0x000000008cf00000| PB 0x000000008cf00000| Complete 
| 208|0x000000008d000000, 0x000000008d100000, 0x000000008d100000|100%| E|CS|TAMS 0x000000008d000000| PB 0x000000008d000000| Complete 
| 209|0x000000008d100000, 0x000000008d200000, 0x000000008d200000|100%| E|CS|TAMS 0x000000008d100000| PB 0x000000008d100000| Complete 
| 210|0x000000008d200000, 0x000000008d300000, 0x000000008d300000|100%| E|CS|TAMS 0x000000008d200000| PB 0x000000008d200000| Complete 
| 211|0x000000008d300000, 0x000000008d400000, 0x000000008d400000|100%| E|CS|TAMS 0x000000008d300000| PB 0x000000008d300000| Complete 
| 212|0x000000008d400000, 0x000000008d500000, 0x000000008d500000|100%| E|CS|TAMS 0x000000008d400000| PB 0x000000008d400000| Complete 
| 213|0x000000008d500000, 0x000000008d600000, 0x000000008d600000|100%| E|CS|TAMS 0x000000008d500000| PB 0x000000008d500000| Complete 
| 214|0x000000008d600000, 0x000000008d700000, 0x000000008d700000|100%| E|CS|TAMS 0x000000008d600000| PB 0x000000008d600000| Complete 
| 215|0x000000008d700000, 0x000000008d800000, 0x000000008d800000|100%| E|CS|TAMS 0x000000008d700000| PB 0x000000008d700000| Complete 
| 216|0x000000008d800000, 0x000000008d900000, 0x000000008d900000|100%| E|CS|TAMS 0x000000008d800000| PB 0x000000008d800000| Complete 
| 217|0x000000008d900000, 0x000000008da00000, 0x000000008da00000|100%| E|CS|TAMS 0x000000008d900000| PB 0x000000008d900000| Complete 
| 218|0x000000008da00000, 0x000000008db00000, 0x000000008db00000|100%| E|CS|TAMS 0x000000008da00000| PB 0x000000008da00000| Complete 
| 219|0x000000008db00000, 0x000000008dc00000, 0x000000008dc00000|100%| E|CS|TAMS 0x000000008db00000| PB 0x000000008db00000| Complete 
| 220|0x000000008dc00000, 0x000000008dd00000, 0x000000008dd00000|100%| E|CS|TAMS 0x000000008dc00000| PB 0x000000008dc00000| Complete 
| 221|0x000000008dd00000, 0x000000008de00000, 0x000000008de00000|100%| E|CS|TAMS 0x000000008dd00000| PB 0x000000008dd00000| Complete 
| 222|0x000000008de00000, 0x000000008df00000, 0x000000008df00000|100%| E|CS|TAMS 0x000000008de00000| PB 0x000000008de00000| Complete 
| 223|0x000000008df00000, 0x000000008e000000, 0x000000008e000000|100%| E|CS|TAMS 0x000000008df00000| PB 0x000000008df00000| Complete 
| 224|0x000000008e000000, 0x000000008e100000, 0x000000008e100000|100%| E|CS|TAMS 0x000000008e000000| PB 0x000000008e000000| Complete 
| 225|0x000000008e100000, 0x000000008e200000, 0x000000008e200000|100%| E|CS|TAMS 0x000000008e100000| PB 0x000000008e100000| Complete 
| 226|0x000000008e200000, 0x000000008e300000, 0x000000008e300000|100%| E|CS|TAMS 0x000000008e200000| PB 0x000000008e200000| Complete 
| 227|0x000000008e300000, 0x000000008e400000, 0x000000008e400000|100%| E|CS|TAMS 0x000000008e300000| PB 0x000000008e300000| Complete 
| 228|0x000000008e400000, 0x000000008e500000, 0x000000008e500000|100%| E|CS|TAMS 0x000000008e400000| PB 0x000000008e400000| Complete 
| 229|0x000000008e500000, 0x000000008e600000, 0x000000008e600000|100%| E|CS|TAMS 0x000000008e500000| PB 0x000000008e500000| Complete 
| 230|0x000000008e600000, 0x000000008e700000, 0x000000008e700000|100%| E|CS|TAMS 0x000000008e600000| PB 0x000000008e600000| Complete 
| 231|0x000000008e700000, 0x000000008e800000, 0x000000008e800000|100%| E|CS|TAMS 0x000000008e700000| PB 0x000000008e700000| Complete 
| 232|0x000000008e800000, 0x000000008e900000, 0x000000008e900000|100%| E|CS|TAMS 0x000000008e800000| PB 0x000000008e800000| Complete 
| 233|0x000000008e900000, 0x000000008ea00000, 0x000000008ea00000|100%| E|CS|TAMS 0x000000008e900000| PB 0x000000008e900000| Complete 
| 234|0x000000008ea00000, 0x000000008eb00000, 0x000000008eb00000|100%| E|CS|TAMS 0x000000008ea00000| PB 0x000000008ea00000| Complete 
| 235|0x000000008eb00000, 0x000000008ec00000, 0x000000008ec00000|100%| E|CS|TAMS 0x000000008eb00000| PB 0x000000008eb00000| Complete 
| 236|0x000000008ec00000, 0x000000008ed00000, 0x000000008ed00000|100%| E|CS|TAMS 0x000000008ec00000| PB 0x000000008ec00000| Complete 
| 237|0x000000008ed00000, 0x000000008ee00000, 0x000000008ee00000|100%| E|CS|TAMS 0x000000008ed00000| PB 0x000000008ed00000| Complete 
| 238|0x000000008ee00000, 0x000000008ef00000, 0x000000008ef00000|100%| E|CS|TAMS 0x000000008ee00000| PB 0x000000008ee00000| Complete 
| 255|0x000000008ff00000, 0x0000000090000000, 0x0000000090000000|100%| E|CS|TAMS 0x000000008ff00000| PB 0x000000008ff00000| Complete 
|2037|0x00000000ff500000, 0x00000000ff600000, 0x00000000ff600000|100%| O|  |TAMS 0x00000000ff500000| PB 0x00000000ff500000| Untracked 
|2038|0x00000000ff600000, 0x00000000ff700000, 0x00000000ff700000|100%| E|CS|TAMS 0x00000000ff600000| PB 0x00000000ff600000| Complete 
|2039|0x00000000ff700000, 0x00000000ff800000, 0x00000000ff800000|100%| E|CS|TAMS 0x00000000ff700000| PB 0x00000000ff700000| Complete 
|2040|0x00000000ff800000, 0x00000000ff900000, 0x00000000ff900000|100%| E|CS|TAMS 0x00000000ff800000| PB 0x00000000ff800000| Complete 
|2041|0x00000000ff900000, 0x00000000ffa00000, 0x00000000ffa00000|100%| E|CS|TAMS 0x00000000ff900000| PB 0x00000000ff900000| Complete 
|2042|0x00000000ffa00000, 0x00000000ffb00000, 0x00000000ffb00000|100%| O|Cm|TAMS 0x00000000ffa00000| PB 0x00000000ffa00000| Complete 
|2043|0x00000000ffb00000, 0x00000000ffc00000, 0x00000000ffc00000|100%| E|CS|TAMS 0x00000000ffb00000| PB 0x00000000ffb00000| Complete 
|2044|0x00000000ffc00000, 0x00000000ffd00000, 0x00000000ffd00000|100%| O|Cm|TAMS 0x00000000ffc00000| PB 0x00000000ffc00000| Complete 
|2045|0x00000000ffd00000, 0x00000000ffe00000, 0x00000000ffe00000|100%| O|  |TAMS 0x00000000ffd00000| PB 0x00000000ffd00000| Untracked 
|2046|0x00000000ffe00000, 0x00000000fff00000, 0x00000000fff00000|100%| E|CS|TAMS 0x00000000ffe00000| PB 0x00000000ffe00000| Complete 
|2047|0x00000000fff00000, 0x0000000100000000, 0x0000000100000000|100%| O|  |TAMS 0x00000000fff00000| PB 0x00000000fff00000| Untracked 

Card table byte_map: [0x0000025770060000,0x0000025770460000] _byte_map_base: 0x000002576fc60000

Marking Bits: (CMBitMap*) 0x000002575d6149f0
 Bits: [0x0000025770460000, 0x0000025772460000)

Polling page: 0x000002575b380000

Metaspace:

Usage:
  Non-class:    119.61 MB used.
      Class:     19.39 MB used.
       Both:    138.99 MB used.

Virtual space:
  Non-class space:      128.00 MB reserved,     120.75 MB ( 94%) committed,  2 nodes.
      Class space:        1.00 GB reserved,      20.50 MB (  2%) committed,  1 nodes.
             Both:        1.12 GB reserved,     141.25 MB ( 12%) committed. 

Chunk freelists:
   Non-Class:  6.70 MB
       Class:  11.52 MB
        Both:  18.22 MB

MaxMetaspaceSize: unlimited
CompressedClassSpaceSize: 1.00 GB
Initial GC threshold: 21.00 MB
Current GC threshold: 226.25 MB
CDS: off
 - commit_granule_bytes: 65536.
 - commit_granule_words: 8192.
 - virtual_space_node_default_size: 8388608.
 - enlarge_chunks_in_place: 1.
 - use_allocation_guard: 0.


Internal statistics:

num_allocs_failed_limit: 9.
num_arena_births: 4382.
num_arena_deaths: 0.
num_vsnodes_births: 3.
num_vsnodes_deaths: 0.
num_space_committed: 2259.
num_space_uncommitted: 0.
num_chunks_returned_to_freelist: 9.
num_chunks_taken_from_freelist: 10194.
num_chunk_merges: 9.
num_chunk_splits: 6786.
num_chunks_enlarged: 4392.
num_inconsistent_stats: 0.

CodeHeap 'non-profiled nmethods': size=120000Kb used=9556Kb max_used=9650Kb free=110443Kb
 bounds [0x00000257681e0000, 0x0000025768b50000, 0x000002576f710000]
CodeHeap 'profiled nmethods': size=120000Kb used=27910Kb max_used=27954Kb free=92089Kb
 bounds [0x0000025760710000, 0x0000025762260000, 0x0000025767c40000]
CodeHeap 'non-nmethods': size=5760Kb used=2237Kb max_used=2258Kb free=3522Kb
 bounds [0x0000025767c40000, 0x0000025767eb0000, 0x00000257681e0000]
 total_blobs=15879 nmethods=14935 adapters=845
 compilation: enabled
              stopped_count=0, restarted_count=0
 full_count=0

Compilation events (20 events):
Event: 18.635 Thread 0x0000025775338e00 nmethod 17306 0x0000025768808c90 code [0x0000025768808e20, 0x0000025768808ef0]
Event: 18.635 Thread 0x0000025775338e00 17347       3       com.android.tools.r8.internal.vt0::f0 (25 bytes)
Event: 18.635 Thread 0x0000025775338e00 nmethod 17347 0x00000257619b9b90 code [0x00000257619b9d40, 0x00000257619b9f38]
Event: 18.635 Thread 0x0000025775338e00 17308       1       com.android.tools.r8.utils.w::i0 (5 bytes)
Event: 18.635 Thread 0x0000025775338e00 nmethod 17308 0x0000025768808690 code [0x0000025768808820, 0x00000257688088f0]
Event: 18.635 Thread 0x0000025775338e00 17311       1       com.android.tools.r8.internal.OJ::d2 (2 bytes)
Event: 18.635 Thread 0x0000025775338e00 nmethod 17311 0x0000025768664510 code [0x00000257686646a0, 0x0000025768664768]
Event: 18.635 Thread 0x0000025775338e00 17320       1       com.android.tools.r8.graph.h1::I0 (5 bytes)
Event: 18.635 Thread 0x0000025775338e00 nmethod 17320 0x0000025768664210 code [0x00000257686643a0, 0x0000025768664470]
Event: 18.635 Thread 0x0000025775338e00 17349       3       com.android.tools.r8.internal.cJ::next (25 bytes)
Event: 18.635 Thread 0x0000025775338e00 nmethod 17349 0x00000257619b9690 code [0x00000257619b9840, 0x00000257619b9a60]
Event: 18.635 Thread 0x0000025775338e00 17346       1       com.android.tools.r8.internal.B40$b::e (2 bytes)
Event: 18.635 Thread 0x0000025775338e00 nmethod 17346 0x0000025768663f10 code [0x00000257686640a0, 0x0000025768664170]
Event: 18.635 Thread 0x0000025775338e00 17350       2       com.android.tools.r8.internal.Qk0::a (334 bytes)
Event: 18.637 Thread 0x0000025775338e00 nmethod 17350 0x0000025761a29610 code [0x0000025761a29a40, 0x0000025761a2ad70]
Event: 18.637 Thread 0x0000025775338e00 17363       3       com.android.tools.r8.internal.sk0::iterator (14 bytes)
Event: 18.637 Thread 0x0000025775338e00 nmethod 17363 0x00000257619b9090 code [0x00000257619b9240, 0x00000257619b9518]
Event: 18.637 Thread 0x0000025775338e00 17361       3       com.android.tools.r8.internal.K5::o (29 bytes)
Event: 18.637 Thread 0x0000025775338e00 nmethod 17361 0x00000257619b8d10 code [0x00000257619b8ea0, 0x00000257619b8fc0]
Event: 18.637 Thread 0x0000025775338e00 17359       2       com.android.tools.r8.internal.eJ::hasNext (208 bytes)

GC Heap History (20 events):
Event: 11.445 GC heap before
{Heap before GC invocations=32 (full 0):
 garbage-first heap   total 168960K, used 148622K [0x0000000080000000, 0x0000000100000000)
  region size 1024K, 71 young (72704K), 9 survivors (9216K)
 Metaspace       used 106255K, committed 108352K, reserved 1179648K
  class space    used 14728K, committed 15744K, reserved 1048576K
}
Event: 11.453 GC heap after
{Heap after GC invocations=33 (full 0):
 garbage-first heap   total 168960K, used 91176K [0x0000000080000000, 0x0000000100000000)
  region size 1024K, 9 young (9216K), 9 survivors (9216K)
 Metaspace       used 106255K, committed 108352K, reserved 1179648K
  class space    used 14728K, committed 15744K, reserved 1048576K
}
Event: 12.111 GC heap before
{Heap before GC invocations=33 (full 0):
 garbage-first heap   total 168960K, used 155688K [0x0000000080000000, 0x0000000100000000)
  region size 1024K, 66 young (67584K), 9 survivors (9216K)
 Metaspace       used 109122K, committed 111168K, reserved 1179648K
  class space    used 15028K, committed 16064K, reserved 1048576K
}
Event: 12.123 GC heap after
{Heap after GC invocations=34 (full 0):
 garbage-first heap   total 181248K, used 103620K [0x0000000080000000, 0x0000000100000000)
  region size 1024K, 9 young (9216K), 9 survivors (9216K)
 Metaspace       used 109122K, committed 111168K, reserved 1179648K
  class space    used 15028K, committed 16064K, reserved 1048576K
}
Event: 12.567 GC heap before
{Heap before GC invocations=34 (full 0):
 garbage-first heap   total 181248K, used 136388K [0x0000000080000000, 0x0000000100000000)
  region size 1024K, 43 young (44032K), 9 survivors (9216K)
 Metaspace       used 109751K, committed 111872K, reserved 1179648K
  class space    used 15090K, committed 16128K, reserved 1048576K
}
Event: 12.577 GC heap after
{Heap after GC invocations=35 (full 0):
 garbage-first heap   total 181248K, used 118609K [0x0000000080000000, 0x0000000100000000)
  region size 1024K, 8 young (8192K), 8 survivors (8192K)
 Metaspace       used 109751K, committed 111872K, reserved 1179648K
  class space    used 15090K, committed 16128K, reserved 1048576K
}
Event: 12.991 GC heap before
{Heap before GC invocations=36 (full 0):
 garbage-first heap   total 214016K, used 166737K [0x0000000080000000, 0x0000000100000000)
  region size 1024K, 41 young (41984K), 8 survivors (8192K)
 Metaspace       used 112309K, committed 114432K, reserved 1179648K
  class space    used 15372K, committed 16384K, reserved 1048576K
}
Event: 12.999 GC heap after
{Heap after GC invocations=37 (full 0):
 garbage-first heap   total 214016K, used 122542K [0x0000000080000000, 0x0000000100000000)
  region size 1024K, 4 young (4096K), 4 survivors (4096K)
 Metaspace       used 112309K, committed 114432K, reserved 1179648K
  class space    used 15372K, committed 16384K, reserved 1048576K
}
Event: 13.250 GC heap before
{Heap before GC invocations=37 (full 0):
 garbage-first heap   total 214016K, used 174766K [0x0000000080000000, 0x0000000100000000)
  region size 1024K, 55 young (56320K), 4 survivors (4096K)
 Metaspace       used 112767K, committed 114880K, reserved 1179648K
  class space    used 15426K, committed 16448K, reserved 1048576K
}
Event: 13.254 GC heap after
{Heap after GC invocations=38 (full 0):
 garbage-first heap   total 214016K, used 123021K [0x0000000080000000, 0x0000000100000000)
  region size 1024K, 6 young (6144K), 6 survivors (6144K)
 Metaspace       used 112767K, committed 114880K, reserved 1179648K
  class space    used 15426K, committed 16448K, reserved 1048576K
}
Event: 13.469 GC heap before
{Heap before GC invocations=38 (full 0):
 garbage-first heap   total 214016K, used 177293K [0x0000000080000000, 0x0000000100000000)
  region size 1024K, 60 young (61440K), 6 survivors (6144K)
 Metaspace       used 113612K, committed 115712K, reserved 1179648K
  class space    used 15520K, committed 16576K, reserved 1048576K
}
Event: 13.475 GC heap after
{Heap after GC invocations=39 (full 0):
 garbage-first heap   total 214016K, used 127270K [0x0000000080000000, 0x0000000100000000)
  region size 1024K, 7 young (7168K), 7 survivors (7168K)
 Metaspace       used 113612K, committed 115712K, reserved 1179648K
  class space    used 15520K, committed 16576K, reserved 1048576K
}
Event: 15.597 GC heap before
{Heap before GC invocations=39 (full 0):
 garbage-first heap   total 214016K, used 181542K [0x0000000080000000, 0x0000000100000000)
  region size 1024K, 61 young (62464K), 7 survivors (7168K)
 Metaspace       used 114211K, committed 116352K, reserved 1179648K
  class space    used 15592K, committed 16640K, reserved 1048576K
}
Event: 15.604 GC heap after
{Heap after GC invocations=40 (full 0):
 garbage-first heap   total 257024K, used 132982K [0x0000000080000000, 0x0000000100000000)
  region size 1024K, 8 young (8192K), 8 survivors (8192K)
 Metaspace       used 114211K, committed 116352K, reserved 1179648K
  class space    used 15592K, committed 16640K, reserved 1048576K
}
Event: 16.544 GC heap before
{Heap before GC invocations=40 (full 0):
 garbage-first heap   total 257024K, used 212854K [0x0000000080000000, 0x0000000100000000)
  region size 1024K, 87 young (89088K), 8 survivors (8192K)
 Metaspace       used 121490K, committed 123584K, reserved 1179648K
  class space    used 16546K, committed 17600K, reserved 1048576K
}
Event: 16.552 GC heap after
{Heap after GC invocations=41 (full 0):
 garbage-first heap   total 257024K, used 136459K [0x0000000080000000, 0x0000000100000000)
  region size 1024K, 8 young (8192K), 8 survivors (8192K)
 Metaspace       used 121490K, committed 123584K, reserved 1179648K
  class space    used 16546K, committed 17600K, reserved 1048576K
}
Event: 17.611 GC heap before
{Heap before GC invocations=41 (full 0):
 garbage-first heap   total 257024K, used 223499K [0x0000000080000000, 0x0000000100000000)
  region size 1024K, 90 young (92160K), 8 survivors (8192K)
 Metaspace       used 126554K, committed 128704K, reserved 1179648K
  class space    used 17194K, committed 18240K, reserved 1048576K
}
Event: 17.618 GC heap after
{Heap after GC invocations=42 (full 0):
 garbage-first heap   total 257024K, used 140235K [0x0000000080000000, 0x0000000100000000)
  region size 1024K, 4 young (4096K), 4 survivors (4096K)
 Metaspace       used 126554K, committed 128704K, reserved 1179648K
  class space    used 17194K, committed 18240K, reserved 1048576K
}
Event: 18.313 GC heap before
{Heap before GC invocations=42 (full 0):
 garbage-first heap   total 257024K, used 224203K [0x0000000080000000, 0x0000000100000000)
  region size 1024K, 87 young (89088K), 4 survivors (4096K)
 Metaspace       used 135977K, committed 138240K, reserved 1179648K
  class space    used 18731K, committed 19840K, reserved 1048576K
}
Event: 18.321 GC heap after
{Heap after GC invocations=43 (full 0):
 garbage-first heap   total 257024K, used 147134K [0x0000000080000000, 0x0000000100000000)
  region size 1024K, 11 young (11264K), 11 survivors (11264K)
 Metaspace       used 135977K, committed 138240K, reserved 1179648K
  class space    used 18731K, committed 19840K, reserved 1048576K
}

Dll operation events (3 events):
Event: 0.008 Loaded shared library C:\Program Files\Android\Android Studio\jbr\bin\java.dll
Event: 0.013 Loaded shared library C:\Program Files\Android\Android Studio\jbr\bin\zip.dll
Event: 0.429 Loaded shared library C:\Program Files\Android\Android Studio\jbr\bin\verify.dll

Deoptimization events (20 events):
Event: 18.625 Thread 0x00000257005948e0 Uncommon trap: trap_request=0xffffffc6 fr.pc=0x0000025768780530 relative=0x0000000000000890
Event: 18.625 Thread 0x00000257005948e0 Uncommon trap: reason=bimorphic_or_optimized_type_check action=maybe_recompile pc=0x0000025768780530 method=com.android.tools.r8.internal.bb.a(Lcom/android/tools/r8/internal/Za;)V @ 17 c2
Event: 18.625 Thread 0x00000257005948e0 DEOPT PACKING pc=0x0000025768780530 sp=0x000000a9e73fcad0
Event: 18.625 Thread 0x00000257005948e0 DEOPT UNPACKING pc=0x0000025767c946a2 sp=0x000000a9e73fca98 mode 2
Event: 18.636 Thread 0x000002577be64360 Uncommon trap: trap_request=0xffffffc6 fr.pc=0x000002576880c144 relative=0x0000000000000204
Event: 18.636 Thread 0x000002577be64360 Uncommon trap: reason=bimorphic_or_optimized_type_check action=maybe_recompile pc=0x000002576880c144 method=com.android.tools.r8.internal.Bc0.contains(Ljava/lang/Object;)Z @ 43 c2
Event: 18.636 Thread 0x000002577be64360 DEOPT PACKING pc=0x000002576880c144 sp=0x000000a9e98fcb30
Event: 18.636 Thread 0x000002577be64360 DEOPT UNPACKING pc=0x0000025767c946a2 sp=0x000000a9e98fcac0 mode 2
Event: 18.636 Thread 0x000002577be64360 Uncommon trap: trap_request=0xffffffc6 fr.pc=0x000002576880c144 relative=0x0000000000000204
Event: 18.636 Thread 0x000002577be64360 Uncommon trap: reason=bimorphic_or_optimized_type_check action=maybe_recompile pc=0x000002576880c144 method=com.android.tools.r8.internal.Bc0.contains(Ljava/lang/Object;)Z @ 43 c2
Event: 18.636 Thread 0x000002577be64360 DEOPT PACKING pc=0x000002576880c144 sp=0x000000a9e98fcb30
Event: 18.636 Thread 0x000002577be64360 DEOPT UNPACKING pc=0x0000025767c946a2 sp=0x000000a9e98fcac0 mode 2
Event: 18.636 Thread 0x000002577be64360 Uncommon trap: trap_request=0xffffffc6 fr.pc=0x000002576880c144 relative=0x0000000000000204
Event: 18.636 Thread 0x000002577be64360 Uncommon trap: reason=bimorphic_or_optimized_type_check action=maybe_recompile pc=0x000002576880c144 method=com.android.tools.r8.internal.Bc0.contains(Ljava/lang/Object;)Z @ 43 c2
Event: 18.636 Thread 0x000002577be64360 DEOPT PACKING pc=0x000002576880c144 sp=0x000000a9e98fcd50
Event: 18.636 Thread 0x000002577be64360 DEOPT UNPACKING pc=0x0000025767c946a2 sp=0x000000a9e98fcce0 mode 2
Event: 18.636 Thread 0x000002577be64360 Uncommon trap: trap_request=0xffffffc6 fr.pc=0x000002576880c144 relative=0x0000000000000204
Event: 18.636 Thread 0x000002577be64360 Uncommon trap: reason=bimorphic_or_optimized_type_check action=maybe_recompile pc=0x000002576880c144 method=com.android.tools.r8.internal.Bc0.contains(Ljava/lang/Object;)Z @ 43 c2
Event: 18.636 Thread 0x000002577be64360 DEOPT PACKING pc=0x000002576880c144 sp=0x000000a9e98fcb40
Event: 18.636 Thread 0x000002577be64360 DEOPT UNPACKING pc=0x0000025767c946a2 sp=0x000000a9e98fcad0 mode 2

Classes loaded (20 events):
Event: 17.771 Loading class java/util/concurrent/RejectedExecutionException
Event: 17.771 Loading class java/util/concurrent/RejectedExecutionException done
Event: 17.975 Loading class java/util/concurrent/ConcurrentLinkedQueue$Itr
Event: 17.975 Loading class java/util/concurrent/ConcurrentLinkedQueue$Itr done
Event: 18.504 Loading class java/util/IdentityHashMap$EntrySet
Event: 18.504 Loading class java/util/IdentityHashMap$EntrySet done
Event: 18.504 Loading class java/util/IdentityHashMap$EntrySpliterator
Event: 18.504 Loading class java/util/IdentityHashMap$IdentityHashMapSpliterator
Event: 18.504 Loading class java/util/IdentityHashMap$IdentityHashMapSpliterator done
Event: 18.504 Loading class java/util/IdentityHashMap$EntrySpliterator done
Event: 18.535 Loading class java/util/IdentityHashMap$ValueIterator
Event: 18.535 Loading class java/util/IdentityHashMap$ValueIterator done
Event: 18.577 Loading class java/util/SortedSet$1
Event: 18.578 Loading class java/util/SortedSet$1 done
Event: 18.581 Loading class java/util/stream/SliceOps
Event: 18.582 Loading class java/util/stream/SliceOps done
Event: 18.582 Loading class java/util/stream/SliceOps$1
Event: 18.582 Loading class java/util/stream/SliceOps$1 done
Event: 18.583 Loading class java/util/stream/SliceOps$1$1
Event: 18.583 Loading class java/util/stream/SliceOps$1$1 done

Classes unloaded (0 events):
No events

Classes redefined (0 events):
No events

Internal exceptions (20 events):
Event: 18.541 Thread 0x000002577be5ee10 Exception <a 'java/lang/NoSuchMethodError'{0x000000008d8f67e8}: 'int java.lang.invoke.DirectMethodHandle$Holder.invokeSpecial(java.lang.Object, java.lang.Object, java.lang.Object, int, java.lang.Object)'> (0x000000008d8f67e8) 
thrown [s\src\hotspot\share\interpreter\linkResolver.cpp, line 784]
Event: 18.541 Thread 0x000002577be65080 Exception <a 'java/lang/NoSuchMethodError'{0x000000008d710768}: 'int java.lang.invoke.DirectMethodHandle$Holder.invokeSpecial(java.lang.Object, java.lang.Object, java.lang.Object, int, java.lang.Object)'> (0x000000008d710768) 
thrown [s\src\hotspot\share\interpreter\linkResolver.cpp, line 784]
Event: 18.541 Thread 0x00000257067522b0 Exception <a 'java/lang/NoSuchMethodError'{0x000000008da85ad0}: 'int java.lang.invoke.DirectMethodHandle$Holder.invokeSpecial(java.lang.Object, java.lang.Object, java.lang.Object, int, java.lang.Object)'> (0x000000008da85ad0) 
thrown [s\src\hotspot\share\interpreter\linkResolver.cpp, line 784]
Event: 18.541 Thread 0x00000257005948e0 Exception <a 'java/lang/NoSuchMethodError'{0x000000008d75a690}: 'int java.lang.invoke.DirectMethodHandle$Holder.invokeSpecial(java.lang.Object, java.lang.Object, java.lang.Object, int, java.lang.Object)'> (0x000000008d75a690) 
thrown [s\src\hotspot\share\interpreter\linkResolver.cpp, line 784]
Event: 18.540 Thread 0x000002577be65da0 Exception <a 'java/lang/NoSuchMethodError'{0x000000008d776bc0}: 'int java.lang.invoke.DirectMethodHandle$Holder.invokeSpecial(java.lang.Object, java.lang.Object, java.lang.Object, int, java.lang.Object)'> (0x000000008d776bc0) 
thrown [s\src\hotspot\share\interpreter\linkResolver.cpp, line 784]
Event: 18.555 Thread 0x000002577be65da0 Implicit null exception at 0x000002576860d8de to 0x000002576860d944
Event: 18.590 Thread 0x000002577be61570 Exception <a 'java/lang/NoSuchMethodError'{0x000000008d1657a8}: 'long java.lang.invoke.DirectMethodHandle$Holder.invokeStatic(java.lang.Object, java.lang.Object)'> (0x000000008d1657a8) 
thrown [s\src\hotspot\share\interpreter\linkResolver.cpp, line 784]
Event: 18.595 Thread 0x00000257005948e0 Exception <a 'java/lang/IncompatibleClassChangeError'{0x000000008cfdf030}: Found class java.lang.Object, but interface was expected> (0x000000008cfdf030) 
thrown [s\src\hotspot\share\interpreter\linkResolver.cpp, line 851]
Event: 18.634 Thread 0x000002577be65080 Exception <a 'java/lang/NoSuchMethodError'{0x000000008c105e30}: 'void java.lang.invoke.DirectMethodHandle$Holder.invokeStatic(java.lang.Object, java.lang.Object, int, java.lang.Object, java.lang.Object, java.lang.Object, java.lang.Object)'> (0x000000008c105e30) 
thrown [s\src\hotspot\share\interpreter\linkResolver.cpp, line 784]
Event: 18.634 Thread 0x00000257067522b0 Exception <a 'java/lang/NoSuchMethodError'{0x000000008c5cfee8}: 'void java.lang.invoke.DirectMethodHandle$Holder.invokeStatic(java.lang.Object, java.lang.Object, int, java.lang.Object, java.lang.Object, java.lang.Object, java.lang.Object)'> (0x000000008c5cfee8) 
thrown [s\src\hotspot\share\interpreter\linkResolver.cpp, line 784]
Event: 18.634 Thread 0x000002577be61570 Exception <a 'java/lang/NoSuchMethodError'{0x000000008c1de500}: 'java.lang.Object java.lang.invoke.DirectMethodHandle$Holder.newInvokeSpecial(java.lang.Object, java.lang.Object, int, java.lang.Object, java.lang.Object, java.lang.Object)'> (0x000000008c1de500) 
thrown [s\src\hotspot\share\interpreter\linkResolver.cpp, line 784]
Event: 18.634 Thread 0x000002577be5fb30 Exception <a 'java/lang/NoSuchMethodError'{0x000000008c1c54b8}: 'java.lang.Object java.lang.invoke.DirectMethodHandle$Holder.newInvokeSpecial(java.lang.Object, java.lang.Object, int, java.lang.Object, java.lang.Object, java.lang.Object)'> (0x000000008c1c54b8) 
thrown [s\src\hotspot\share\interpreter\linkResolver.cpp, line 784]
Event: 18.634 Thread 0x000002577be65080 Exception <a 'java/lang/NoSuchMethodError'{0x000000008c10da08}: 'java.lang.Object java.lang.invoke.DirectMethodHandle$Holder.newInvokeSpecial(java.lang.Object, java.lang.Object, int, java.lang.Object, java.lang.Object, java.lang.Object)'> (0x000000008c10da08) 
thrown [s\src\hotspot\share\interpreter\linkResolver.cpp, line 784]
Event: 18.635 Thread 0x00000257067522b0 Exception <a 'java/lang/NoSuchMethodError'{0x000000008c5dac58}: 'java.lang.Object java.lang.invoke.Invokers$Holder.linkToTargetMethod(java.lang.Object, int, java.lang.Object, java.lang.Object, java.lang.Object, java.lang.Object)'> (0x000000008c5dac58) 
thrown [s\src\hotspot\share\interpreter\linkResolver.cpp, line 784]
Event: 18.635 Thread 0x000002577be65080 Exception <a 'java/lang/NoSuchMethodError'{0x000000008c0094e8}: 'void java.lang.invoke.DirectMethodHandle$Holder.invokeSpecial(java.lang.Object, java.lang.Object, java.lang.Object, int, java.lang.Object, java.lang.Object, java.lang.Object, java.lang.Object)'> (0x000000008c0094e8) 
thrown [s\src\hotspot\share\interpreter\linkResolver.cpp, line 784]
Event: 18.635 Thread 0x00000257067522b0 Exception <a 'java/lang/NoSuchMethodError'{0x000000008c5de338}: 'void java.lang.invoke.DirectMethodHandle$Holder.invokeSpecial(java.lang.Object, java.lang.Object, java.lang.Object, int, java.lang.Object, java.lang.Object, java.lang.Object, java.lang.Object)'> (0x000000008c5de338) 
thrown [s\src\hotspot\share\interpreter\linkResolver.cpp, line 784]
Event: 18.635 Thread 0x000002577be61570 Exception <a 'java/lang/NoSuchMethodError'{0x000000008c1e84a8}: 'void java.lang.invoke.DirectMethodHandle$Holder.invokeSpecial(java.lang.Object, java.lang.Object, java.lang.Object, int, java.lang.Object, java.lang.Object, java.lang.Object, java.lang.Object)'> (0x000000008c1e84a8) 
thrown [s\src\hotspot\share\interpreter\linkResolver.cpp, line 784]
Event: 18.636 Thread 0x000002577be61570 Exception <a 'java/lang/NoSuchMethodError'{0x000000008bf0c458}: 'void java.lang.invoke.DirectMethodHandle$Holder.invokeStatic(java.lang.Object, java.lang.Object, java.lang.Object, java.lang.Object, java.lang.Object, java.lang.Object, java.lang.Object, java.lang.Object)'> (0x000000008bf0c458) 
thrown [s\src\hotspot\share\interpreter\linkResolver.cpp, line 784]
Event: 18.636 Thread 0x000002577be65080 Exception <a 'java/lang/NoSuchMethodError'{0x000000008c0a5490}: 'void java.lang.invoke.DirectMethodHandle$Holder.invokeStatic(java.lang.Object, java.lang.Object, java.lang.Object, java.lang.Object, java.lang.Object, java.lang.Object, java.lang.Object, java.lang.Object)'> (0x000000008c0a5490) 
thrown [s\src\hotspot\share\interpreter\linkResolver.cpp, line 784]
Event: 18.637 Thread 0x00000257067522b0 Exception <a 'java/lang/NoSuchMethodError'{0x000000008c058180}: 'void java.lang.invoke.DirectMethodHandle$Holder.invokeStatic(java.lang.Object, java.lang.Object, java.lang.Object, java.lang.Object, java.lang.Object, java.lang.Object, java.lang.Object, java.lang.Object)'> (0x000000008c058180) 
thrown [s\src\hotspot\share\interpreter\linkResolver.cpp, line 784]

ZGC Phase Switch (0 events):
No events

VM Operations (20 events):
Event: 18.420 Executing VM operation: G1PauseCleanup
Event: 18.420 Executing VM operation: G1PauseCleanup done
Event: 18.565 Executing VM operation: ICBufferFull
Event: 18.576 Executing VM operation: ICBufferFull done
Event: 18.576 Executing VM operation: HandshakeAllThreads (Deoptimize)
Event: 18.577 Executing VM operation: HandshakeAllThreads (Deoptimize) done
Event: 18.580 Executing VM operation: HandshakeAllThreads (Deoptimize)
Event: 18.580 Executing VM operation: HandshakeAllThreads (Deoptimize) done
Event: 18.583 Executing VM operation: HandshakeAllThreads (Deoptimize)
Event: 18.583 Executing VM operation: HandshakeAllThreads (Deoptimize) done
Event: 18.586 Executing VM operation: HandshakeAllThreads (Deoptimize)
Event: 18.586 Executing VM operation: HandshakeAllThreads (Deoptimize) done
Event: 18.588 Executing VM operation: HandshakeAllThreads (Deoptimize)
Event: 18.589 Executing VM operation: HandshakeAllThreads (Deoptimize) done
Event: 18.595 Executing VM operation: HandshakeAllThreads (Deoptimize)
Event: 18.595 Executing VM operation: HandshakeAllThreads (Deoptimize) done
Event: 18.629 Executing VM operation: HandshakeAllThreads (Deoptimize)
Event: 18.629 Executing VM operation: HandshakeAllThreads (Deoptimize) done
Event: 18.632 Executing VM operation: HandshakeAllThreads (Deoptimize)
Event: 18.633 Executing VM operation: HandshakeAllThreads (Deoptimize) done

Events (20 events):
Event: 18.390 Thread 0x0000025775263a40 flushing nmethod 0x000002576849e590
Event: 18.390 Thread 0x0000025775263a40 flushing nmethod 0x000002576858d010
Event: 18.390 Thread 0x0000025775263a40 flushing nmethod 0x000002576858c610
Event: 18.390 Thread 0x0000025775263a40 flushing nmethod 0x0000025768583390
Event: 18.390 Thread 0x0000025775263a40 flushing nmethod 0x0000025768577e10
Event: 18.390 Thread 0x0000025775263a40 flushing nmethod 0x0000025768522e90
Event: 18.390 Thread 0x0000025775263a40 flushing nmethod 0x0000025768499a90
Event: 18.390 Thread 0x0000025775263a40 flushing nmethod 0x000002576850cc10
Event: 18.390 Thread 0x0000025775263a40 flushing nmethod 0x0000025768497b10
Event: 18.391 Thread 0x0000025775263a40 flushing nmethod 0x0000025768497590
Event: 18.391 Thread 0x0000025775263a40 flushing nmethod 0x0000025768497110
Event: 18.391 Thread 0x0000025775263a40 flushing nmethod 0x0000025768431c90
Event: 18.391 Thread 0x0000025775263a40 flushing nmethod 0x00000257683ef210
Event: 18.391 Thread 0x0000025775263a40 flushing nmethod 0x0000025768431210
Event: 18.391 Thread 0x0000025775263a40 flushing nmethod 0x00000257683e3b90
Event: 18.391 Thread 0x0000025775263a40 flushing nmethod 0x0000025768296490
Event: 18.391 Thread 0x0000025775263a40 flushing nmethod 0x0000025768327390
Event: 18.391 Thread 0x0000025775263a40 flushing nmethod 0x0000025768235890
Event: 18.391 Thread 0x0000025775263a40 flushing nmethod 0x000002576825ee90
Event: 18.391 Thread 0x0000025775263a40 flushing nmethod 0x0000025768251790


Dynamic libraries:
0x00007ff6c8b70000 - 0x00007ff6c8b7a000 	C:\Program Files\Android\Android Studio\jbr\bin\java.exe
0x00007ffaf46f0000 - 0x00007ffaf48e8000 	C:\Windows\SYSTEM32\ntdll.dll
0x00007ffaf4540000 - 0x00007ffaf4602000 	C:\Windows\System32\KERNEL32.DLL
0x00007ffaf20f0000 - 0x00007ffaf23ee000 	C:\Windows\System32\KERNELBASE.dll
0x00007ffaf1fc0000 - 0x00007ffaf20c0000 	C:\Windows\System32\ucrtbase.dll
0x00007ffad9540000 - 0x00007ffad955b000 	C:\Program Files\Android\Android Studio\jbr\bin\VCRUNTIME140.dll
0x00007ffac1200000 - 0x00007ffac1218000 	C:\Program Files\Android\Android Studio\jbr\bin\jli.dll
0x00007ffaf4040000 - 0x00007ffaf41dd000 	C:\Windows\System32\USER32.dll
0x00007ffaf23f0000 - 0x00007ffaf2412000 	C:\Windows\System32\win32u.dll
0x00007ffad7250000 - 0x00007ffad74ea000 	C:\Windows\WinSxS\amd64_microsoft.windows.common-controls_6595b64144ccf1df_6.0.19041.4355_none_60b8b9eb71f62e16\COMCTL32.dll
0x00007ffaf3540000 - 0x00007ffaf356b000 	C:\Windows\System32\GDI32.dll
0x00007ffaf28f0000 - 0x00007ffaf298e000 	C:\Windows\System32\msvcrt.dll
0x00007ffaf1ea0000 - 0x00007ffaf1fb7000 	C:\Windows\System32\gdi32full.dll
0x00007ffaf1e00000 - 0x00007ffaf1e9d000 	C:\Windows\System32\msvcp_win.dll
0x00007ffaf3510000 - 0x00007ffaf353f000 	C:\Windows\System32\IMM32.DLL
0x00007ffae84e0000 - 0x00007ffae84ec000 	C:\Program Files\Android\Android Studio\jbr\bin\vcruntime140_1.dll
0x00007ffa87fa0000 - 0x00007ffa8802d000 	C:\Program Files\Android\Android Studio\jbr\bin\msvcp140.dll
0x00007ffa6a560000 - 0x00007ffa6b1dd000 	C:\Program Files\Android\Android Studio\jbr\bin\server\jvm.dll
0x00007ffaf2830000 - 0x00007ffaf28e1000 	C:\Windows\System32\ADVAPI32.dll
0x00007ffaf4610000 - 0x00007ffaf46af000 	C:\Windows\System32\sechost.dll
0x00007ffaf43a0000 - 0x00007ffaf44c3000 	C:\Windows\System32\RPCRT4.dll
0x00007ffaf20c0000 - 0x00007ffaf20e7000 	C:\Windows\System32\bcrypt.dll
0x00007ffaf44d0000 - 0x00007ffaf453b000 	C:\Windows\System32\WS2_32.dll
0x00007ffaf12e0000 - 0x00007ffaf132b000 	C:\Windows\SYSTEM32\POWRPROF.dll
0x00007ffae6dd0000 - 0x00007ffae6df7000 	C:\Windows\SYSTEM32\WINMM.dll
0x00007ffaea140000 - 0x00007ffaea14a000 	C:\Windows\SYSTEM32\VERSION.dll
0x00007ffaf1150000 - 0x00007ffaf1162000 	C:\Windows\SYSTEM32\UMPDC.dll
0x00007ffaefbf0000 - 0x00007ffaefc02000 	C:\Windows\SYSTEM32\kernel.appcore.dll
0x00007ffae46f0000 - 0x00007ffae46fa000 	C:\Program Files\Android\Android Studio\jbr\bin\jimage.dll
0x00007ffae93f0000 - 0x00007ffae95d4000 	C:\Windows\SYSTEM32\DBGHELP.DLL
0x00007ffae9250000 - 0x00007ffae9284000 	C:\Windows\SYSTEM32\dbgcore.DLL
0x00007ffaf2470000 - 0x00007ffaf24f2000 	C:\Windows\System32\bcryptPrimitives.dll
0x00007ffac2f50000 - 0x00007ffac2f5e000 	C:\Program Files\Android\Android Studio\jbr\bin\instrument.dll
0x00007ffad9520000 - 0x00007ffad953f000 	C:\Program Files\Android\Android Studio\jbr\bin\java.dll
0x00007ffad8d30000 - 0x00007ffad8d48000 	C:\Program Files\Android\Android Studio\jbr\bin\zip.dll
0x00007ffaf38d0000 - 0x00007ffaf403d000 	C:\Windows\System32\SHELL32.dll
0x00007ffaefdf0000 - 0x00007ffaf0594000 	C:\Windows\SYSTEM32\windows.storage.dll
0x00007ffaf3570000 - 0x00007ffaf38c3000 	C:\Windows\System32\combase.dll
0x00007ffaf16e0000 - 0x00007ffaf170e000 	C:\Windows\SYSTEM32\Wldp.dll
0x00007ffaf2eb0000 - 0x00007ffaf2f7d000 	C:\Windows\System32\OLEAUT32.dll
0x00007ffaf2770000 - 0x00007ffaf281d000 	C:\Windows\System32\SHCORE.dll
0x00007ffaf2710000 - 0x00007ffaf2765000 	C:\Windows\System32\shlwapi.dll
0x00007ffaf1cc0000 - 0x00007ffaf1ce4000 	C:\Windows\SYSTEM32\profapi.dll
0x00007ffad9430000 - 0x00007ffad9440000 	C:\Program Files\Android\Android Studio\jbr\bin\net.dll
0x00007ffaebd10000 - 0x00007ffaebe1d000 	C:\Windows\SYSTEM32\WINHTTP.dll
0x00007ffaf14c0000 - 0x00007ffaf152a000 	C:\Windows\system32\mswsock.dll
0x00007ffacaa90000 - 0x00007ffacaaa6000 	C:\Program Files\Android\Android Studio\jbr\bin\nio.dll
0x00007ffac7c30000 - 0x00007ffac7c40000 	C:\Program Files\Android\Android Studio\jbr\bin\verify.dll
0x00007ffae8780000 - 0x00007ffae87a7000 	C:\Users\Kush\.gradle\native\c067742578af261105cb4f569cf0c3c89f3d7b1fecec35dd04571415982c5e48\windows-amd64\native-platform.dll
0x00007ffa7bea0000 - 0x00007ffa7bfe4000 	C:\Users\Kush\.gradle\native\100fb08df4bc3b14c8652ba06237920a3bd2aa13389f12d3474272988ae205f9\windows-amd64\native-platform-file-events.dll
0x00007fface5b0000 - 0x00007fface5b9000 	C:\Program Files\Android\Android Studio\jbr\bin\management.dll
0x00007ffacaa80000 - 0x00007ffacaa8b000 	C:\Program Files\Android\Android Studio\jbr\bin\management_ext.dll
0x00007ffaf3360000 - 0x00007ffaf3368000 	C:\Windows\System32\PSAPI.DLL
0x00007ffaf1720000 - 0x00007ffaf1738000 	C:\Windows\SYSTEM32\CRYPTSP.dll
0x00007ffaf0d90000 - 0x00007ffaf0dc4000 	C:\Windows\system32\rsaenh.dll
0x00007ffaf1c40000 - 0x00007ffaf1c6e000 	C:\Windows\SYSTEM32\USERENV.dll
0x00007ffaf1650000 - 0x00007ffaf165c000 	C:\Windows\SYSTEM32\CRYPTBASE.dll
0x00007ffaf1170000 - 0x00007ffaf11ab000 	C:\Windows\SYSTEM32\IPHLPAPI.DLL
0x00007ffaf4390000 - 0x00007ffaf4398000 	C:\Windows\System32\NSI.dll
0x00007ffad80a0000 - 0x00007ffad80a9000 	C:\Program Files\Android\Android Studio\jbr\bin\extnet.dll
0x00007ffaafd70000 - 0x00007ffaafd77000 	C:\Windows\system32\wshunix.dll
0x00007ffaf11b0000 - 0x00007ffaf127a000 	C:\Windows\SYSTEM32\DNSAPI.dll
0x00007ffaebaf0000 - 0x00007ffaebafa000 	C:\Windows\System32\rasadhlp.dll
0x00007ffaeab70000 - 0x00007ffaeabf0000 	C:\Windows\System32\fwpuclnt.dll
0x00007ffaf0fe0000 - 0x00007ffaf1013000 	C:\Windows\SYSTEM32\ntmarta.dll

dbghelp: loaded successfully - version: 4.0.5 - missing functions: none
symbol engine: initialized successfully - sym options: 0x614 - pdb path: .;C:\Program Files\Android\Android Studio\jbr\bin;C:\Windows\SYSTEM32;C:\Windows\WinSxS\amd64_microsoft.windows.common-controls_6595b64144ccf1df_6.0.19041.4355_none_60b8b9eb71f62e16;C:\Program Files\Android\Android Studio\jbr\bin\server;C:\Users\Kush\.gradle\native\c067742578af261105cb4f569cf0c3c89f3d7b1fecec35dd04571415982c5e48\windows-amd64;C:\Users\Kush\.gradle\native\100fb08df4bc3b14c8652ba06237920a3bd2aa13389f12d3474272988ae205f9\windows-amd64

VM Arguments:
jvm_args: --add-opens=java.base/java.util=ALL-UNNAMED --add-opens=java.base/java.lang=ALL-UNNAMED --add-opens=java.base/java.lang.invoke=ALL-UNNAMED --add-opens=java.prefs/java.util.prefs=ALL-UNNAMED --add-exports=jdk.compiler/com.sun.tools.javac.api=ALL-UNNAMED --add-exports=jdk.compiler/com.sun.tools.javac.util=ALL-UNNAMED --add-opens=java.base/java.nio.charset=ALL-UNNAMED --add-opens=java.base/java.net=ALL-UNNAMED --add-opens=java.base/java.util.concurrent.atomic=ALL-UNNAMED -Xmx2048m -Dfile.encoding=UTF-8 -Duser.country=GB -Duser.language=en -Duser.variant -javaagent:C:\Users\Kush\.gradle\wrapper\dists\gradle-8.9-bin\90cnw93cvbtalezasaz0blq0a\gradle-8.9\lib\agents\gradle-instrumentation-agent-8.9.jar 
java_command: org.gradle.launcher.daemon.bootstrap.GradleDaemon 8.9
java_class_path (initial): C:\Users\Kush\.gradle\wrapper\dists\gradle-8.9-bin\90cnw93cvbtalezasaz0blq0a\gradle-8.9\lib\gradle-daemon-main-8.9.jar
Launcher Type: SUN_STANDARD

[Global flags]
     intx CICompilerCount                          = 4                                         {product} {ergonomic}
     uint ConcGCThreads                            = 3                                         {product} {ergonomic}
     uint G1ConcRefinementThreads                  = 10                                        {product} {ergonomic}
   size_t G1HeapRegionSize                         = 1048576                                   {product} {ergonomic}
    uintx GCDrainStackTargetSize                   = 64                                        {product} {ergonomic}
   size_t InitialHeapSize                          = 268435456                                 {product} {ergonomic}
   size_t MarkStackSize                            = 4194304                                   {product} {ergonomic}
   size_t MaxHeapSize                              = 2147483648                                {product} {command line}
   size_t MaxNewSize                               = 1287651328                                {product} {ergonomic}
   size_t MinHeapDeltaBytes                        = 1048576                                   {product} {ergonomic}
   size_t MinHeapSize                              = 8388608                                   {product} {ergonomic}
    uintx NonNMethodCodeHeapSize                   = 5839372                                {pd product} {ergonomic}
    uintx NonProfiledCodeHeapSize                  = 122909434                              {pd product} {ergonomic}
    uintx ProfiledCodeHeapSize                     = 122909434                              {pd product} {ergonomic}
    uintx ReservedCodeCacheSize                    = 251658240                              {pd product} {ergonomic}
     bool SegmentedCodeCache                       = true                                      {product} {ergonomic}
   size_t SoftMaxHeapSize                          = 2147483648                             {manageable} {ergonomic}
     bool UseCompressedOops                        = true                           {product lp64_product} {ergonomic}
     bool UseG1GC                                  = true                                      {product} {ergonomic}
     bool UseLargePagesIndividualAllocation        = false                                  {pd product} {ergonomic}

Logging:
Log output configuration:
 #0: stdout all=warning uptime,level,tags foldmultilines=false
 #1: stderr all=off uptime,level,tags foldmultilines=false

Environment Variables:
PATH=c:\program files\common files\oracle\java\javapath;C:\Program Files (x86)\Common Files\Oracle\Java\java8path;C:\Program Files (x86)\Common Files\Oracle\Java\javapath;c:\windows\system32;c:\windows;c:\windows\system32\wbem;c:\windows\system32\windowspowershell\v1.0\;c:\windows\system32\openssh\;C:\Program Files (x86)\NVIDIA Corporation\PhysX\Common;C:\Program Files\NVIDIA Corporation\NVIDIA NvDLISR;C:\Users\Kush\AppData\Local\Programs\Python\Python312\Scripts\;C:\Users\Kush\AppData\Local\Programs\Python\Python312\;C:\Users\Kush\AppData\Local\Microsoft\WindowsApps;C:\Users\Kush\AppData\Local\Programs\Microsoft VS Code\bin
USERNAME=Kush
OS=Windows_NT
PROCESSOR_IDENTIFIER=AMD64 Family 23 Model 113 Stepping 0, AuthenticAMD
TMP=C:\Users\Kush\AppData\Local\Temp
TEMP=C:\Users\Kush\AppData\Local\Temp




Periodic native trim disabled

JNI global refs:
JNI global refs: 30, weak refs: 54

JNI global refs memory usage: 835, weak refs: 1465

Process memory usage:
Resident Set Size: 630680K (3% of 16701524K total physical memory with 101048K free physical memory)

OOME stack traces (most recent first):
Classloader memory used:
Loader org.gradle.internal.classloader.VisitableURLClassLoader$InstrumentingVisitableURLClassLoader: 44663K
Loader org.gradle.internal.classloader.VisitableURLClassLoader                         : 41673K
Loader bootstrap                                                                       : 32761K
Loader org.gradle.initialization.MixInLegacyTypesClassLoader                           : 13305K
Loader jdk.internal.loader.ClassLoaders$AppClassLoader                                 : 8525K
Loader jdk.internal.loader.ClassLoaders$PlatformClassLoader                            : 1021K
Loader jdk.internal.reflect.DelegatingClassLoader                                      : 423K
Loader org.gradle.internal.classloader.VisitableURLClassLoader                         : 196K

Classes loaded by more than one classloader:
Class Program                                                                         : loaded 5 times (x 69B)
Class Build_gradle                                                                    : loaded 3 times (x 127B)
Class Build_gradle$1                                                                  : loaded 3 times (x 71B)
Class org.gradle.internal.classloader.FilteringClassLoader                            : loaded 2 times (x 102B)
Class [Lcom.google.common.collect.MapMakerInternalMap$Segment;                        : loaded 2 times (x 66B)
Class com.google.common.io.FileWriteMode                                              : loaded 2 times (x 76B)
Class [Lcom.google.common.base.AbstractIterator$State;                                : loaded 2 times (x 66B)
Class com.google.common.base.CharMatcher$IsEither                                     : loaded 2 times (x 108B)
Class org.gradle.internal.classloader.ClassLoaderHierarchy                            : loaded 2 times (x 67B)
Class com.google.common.collect.AbstractMapBasedMultimap$WrappedCollection            : loaded 2 times (x 121B)
Class com.google.common.collect.ImmutableEnumSet                                      : loaded 2 times (x 143B)
Class com.google.common.util.concurrent.ExecutionError                                : loaded 2 times (x 79B)
Class com.google.common.collect.ImmutableList$1                                       : loaded 2 times (x 94B)
Class org.gradle.api.internal.classpath.ManifestUtil                                  : loaded 2 times (x 68B)
Class com.google.common.io.ByteArrayDataOutput                                        : loaded 2 times (x 67B)
Class com.google.common.collect.RegularImmutableMap                                   : loaded 2 times (x 118B)
Class com.google.common.collect.ImmutableMap$MapViewOfValuesAsSingletonSets           : loaded 2 times (x 122B)
Class com.google.common.collect.TransformedListIterator                               : loaded 2 times (x 90B)
Class [Lorg.objectweb.asm.Symbol;                                                     : loaded 2 times (x 66B)
Class org.objectweb.asm.ClassVisitor                                                  : loaded 2 times (x 85B)
Class com.google.common.collect.UnmodifiableListIterator                              : loaded 2 times (x 92B)
Class com.google.common.collect.MapMakerInternalMap$StrongKeyDummyValueEntry$LinkedStrongKeyDummyValueEntry: loaded 2 times (x 79B)
Class com.google.common.collect.MapMakerInternalMap$Strength                          : loaded 2 times (x 77B)
Class org.objectweb.asm.MethodTooLargeException                                       : loaded 2 times (x 80B)
Class [Lcom.google.common.cache.CacheBuilder$OneWeigher;                              : loaded 2 times (x 66B)
Class com.google.common.base.Suppliers                                                : loaded 2 times (x 68B)
Class com.google.common.base.Platform$JdkPatternCompiler                              : loaded 2 times (x 72B)
Class org.gradle.internal.classloader.DefaultClassLoaderFactory                       : loaded 2 times (x 79B)
Class [Lcom.google.common.collect.AbstractIterator$State;                             : loaded 2 times (x 66B)
Class com.google.common.base.CharMatcher$None                                         : loaded 2 times (x 109B)
Class org.gradle.internal.classloader.ClassLoaderVisitor                              : loaded 2 times (x 73B)
Class [Lcom.google.common.collect.ImmutableMapEntry;                                  : loaded 2 times (x 66B)
Class org.gradle.api.internal.classpath.EffectiveClassPath                            : loaded 2 times (x 87B)
Class com.google.common.collect.AbstractIterator$1                                    : loaded 2 times (x 68B)
Class com.google.common.collect.ImmutableRangeSet                                     : loaded 2 times (x 112B)
Class com.google.common.collect.ImmutableEnumMap                                      : loaded 2 times (x 122B)
Class com.google.common.collect.ListMultimap                                          : loaded 2 times (x 67B)
Class com.google.common.collect.Iterators$EmptyModifiableIterator                     : loaded 2 times (x 83B)
Class com.google.common.collect.Sets$1                                                : loaded 2 times (x 136B)
Class org.objectweb.asm.AnnotationVisitor                                             : loaded 2 times (x 75B)
Class com.google.common.base.Splitter                                                 : loaded 2 times (x 69B)
Class org.gradle.api.internal.DefaultClassPathProvider                                : loaded 2 times (x 73B)
Class com.google.common.collect.MapMakerInternalMap$Strength$1                        : loaded 2 times (x 77B)
Class com.google.common.collect.Maps$ViewCachingAbstractMap                           : loaded 2 times (x 122B)
Class com.google.common.collect.Sets$2                                                : loaded 2 times (x 136B)
Class [Lorg.gradle.api.internal.ClassPathProvider;                                    : loaded 2 times (x 66B)
Class org.gradle.api.internal.ClassPathProvider                                       : loaded 2 times (x 67B)
Class [Lorg.objectweb.asm.AnnotationVisitor;                                          : loaded 2 times (x 66B)
Class com.google.common.collect.MapMakerInternalMap$Strength$2                        : loaded 2 times (x 77B)
Class com.google.common.collect.Sets$3                                                : loaded 2 times (x 136B)
Class com.google.common.util.concurrent.AbstractFuture$SafeAtomicHelper               : loaded 2 times (x 76B)
Class com.google.common.cache.LocalCache$LocalLoadingCache                            : loaded 2 times (x 131B)
Class com.google.common.base.AbstractIterator$State                                   : loaded 2 times (x 76B)
Class org.gradle.internal.service.UnknownServiceException                             : loaded 2 times (x 80B)
Class com.google.common.io.ByteArrayDataInput                                         : loaded 2 times (x 67B)
Class com.google.common.collect.MapMakerInternalMap$StrongValueEntry                  : loaded 2 times (x 67B)
Class com.google.common.collect.Sets$4                                                : loaded 2 times (x 136B)
Class org.objectweb.asm.ModuleVisitor                                                 : loaded 2 times (x 78B)
Class com.google.common.cache.LocalCache$Strength$1                                   : loaded 2 times (x 78B)
Class com.google.common.util.concurrent.SettableFuture                                : loaded 2 times (x 111B)
Class com.google.common.cache.LocalCache$Strength$2                                   : loaded 2 times (x 78B)
Class com.google.common.io.ByteStreams                                                : loaded 2 times (x 68B)
Class com.google.common.collect.Interners$InternerImpl                                : loaded 2 times (x 72B)
Class com.google.common.collect.Interner                                              : loaded 2 times (x 67B)
Class com.google.common.collect.TransformedIterator                                   : loaded 2 times (x 77B)
Class com.google.common.cache.LocalCache$Strength$3                                   : loaded 2 times (x 78B)
Class com.google.common.collect.MapDifference                                         : loaded 2 times (x 67B)
Class com.google.common.base.Splitter$1                                               : loaded 2 times (x 74B)
Class com.google.common.collect.MapMaker$Dummy                                        : loaded 2 times (x 76B)
Class org.objectweb.asm.FieldWriter                                                   : loaded 2 times (x 75B)
Class com.google.common.cache.CacheBuilder$NullListener                               : loaded 2 times (x 79B)
Class org.gradle.internal.classpath.TransformedClassPath                              : loaded 2 times (x 93B)
Class com.google.common.collect.ImmutableRangeSet$AsSet                               : loaded 2 times (x 296B)
Class com.google.common.cache.CacheLoader$FunctionToCacheLoader                       : loaded 2 times (x 72B)
Class com.google.common.collect.Iterators$ArrayItr                                    : loaded 2 times (x 94B)
Class com.google.common.collect.ImmutableCollection$Builder                           : loaded 2 times (x 73B)
Class com.google.common.collect.BaseImmutableMultimap                                 : loaded 2 times (x 120B)
Class com.google.common.base.Joiner                                                   : loaded 2 times (x 76B)
Class com.google.common.base.MoreObjects                                              : loaded 2 times (x 68B)
Class [Lorg.objectweb.asm.Type;                                                       : loaded 2 times (x 66B)
Class com.google.common.collect.Platform                                              : loaded 2 times (x 68B)
Class com.google.common.collect.UnmodifiableIterator                                  : loaded 2 times (x 77B)
Class org.gradle.internal.service.ServiceLocator                                      : loaded 2 times (x 67B)
Class com.google.common.base.Ascii                                                    : loaded 2 times (x 68B)
Class com.google.common.collect.SingletonImmutableBiMap                               : loaded 2 times (x 140B)
Class com.google.common.cache.LocalCache$1                                            : loaded 2 times (x 86B)
Class com.google.common.collect.AbstractMapEntry                                      : loaded 2 times (x 78B)
Class com.google.common.collect.MapMakerInternalMap$AbstractStrongKeyEntry            : loaded 2 times (x 77B)
Class com.google.common.collect.Sets$ImprovedAbstractSet                              : loaded 2 times (x 132B)
Class com.google.common.collect.ImmutableList$Builder                                 : loaded 2 times (x 74B)
Class com.google.common.cache.LocalCache$2                                            : loaded 2 times (x 139B)
Class com.google.common.collect.AbstractMultimap                                      : loaded 2 times (x 120B)
Class com.google.common.collect.ImmutableRangeSet$1                                   : loaded 2 times (x 206B)
Class com.google.common.util.concurrent.AbstractFuture$UnsafeAtomicHelper$1           : loaded 2 times (x 73B)
Class com.google.common.collect.RegularImmutableAsList                                : loaded 2 times (x 213B)
Class com.google.common.base.Optional                                                 : loaded 2 times (x 77B)
Class com.google.common.collect.Range                                                 : loaded 2 times (x 84B)
Class com.google.common.util.concurrent.AbstractFuture$Trusted                        : loaded 2 times (x 67B)
Class com.google.common.collect.Iterators                                             : loaded 2 times (x 68B)
Class com.google.common.base.CharMatcher$RangesMatcher                                : loaded 2 times (x 109B)
Class com.google.common.io.ByteSink$AsCharSink                                        : loaded 2 times (x 77B)
Class com.google.common.util.concurrent.UncheckedExecutionException                   : loaded 2 times (x 79B)
Class com.google.common.collect.Lists$StringAsImmutableList                           : loaded 2 times (x 204B)
Class org.gradle.kotlin.dsl.VersionCatalogAccessorsKt                                 : loaded 2 times (x 68B)
Class com.google.common.collect.ImmutableSortedSetFauxverideShim                      : loaded 2 times (x 144B)
Class com.google.common.base.CharMatcher$JavaLetterOrDigit                            : loaded 2 times (x 108B)
Class org.gradle.internal.InternalTransformer                                         : loaded 2 times (x 67B)
Class com.google.common.collect.AbstractMapBasedMultimap$KeySet$1                     : loaded 2 times (x 79B)
Class org.objectweb.asm.ClassWriter                                                   : loaded 2 times (x 103B)
Class com.google.common.cache.CacheLoader$UnsupportedLoadingOperationException        : loaded 2 times (x 79B)
Class com.google.common.base.CharMatcher$And                                          : loaded 2 times (x 109B)
Class org.gradle.internal.classloader.ClasspathUtil$1                                 : loaded 2 times (x 73B)
Class com.google.common.collect.FluentIterable$1                                      : loaded 2 times (x 78B)
Class com.google.common.base.Objects                                                  : loaded 2 times (x 68B)
Class org.objectweb.asm.FieldVisitor                                                  : loaded 2 times (x 74B)
Class com.google.common.collect.IndexedImmutableSet                                   : loaded 2 times (x 147B)
Class com.google.common.collect.ImmutableMap$1                                        : loaded 2 times (x 78B)
Class com.google.common.collect.BiMap                                                 : loaded 2 times (x 67B)
Class org.gradle.api.internal.classpath.DefaultModuleRegistry$DefaultModule           : loaded 2 times (x 83B)
Class com.google.common.base.Absent                                                   : loaded 2 times (x 77B)
Class com.google.common.collect.RegularImmutableMap$KeySet                            : loaded 2 times (x 147B)
Class com.google.common.primitives.Ints                                               : loaded 2 times (x 68B)
Class com.google.common.collect.AbstractIterator                                      : loaded 2 times (x 79B)
Class com.google.common.collect.FluentIterable$3                                      : loaded 2 times (x 78B)
Class com.google.common.math.MathPreconditions                                        : loaded 2 times (x 68B)
Class com.google.common.collect.Multiset                                              : loaded 2 times (x 67B)
Class com.google.common.collect.ArrayListMultimapGwtSerializationDependencies         : loaded 2 times (x 169B)
Class com.google.common.collect.ObjectArrays                                          : loaded 2 times (x 68B)
Class com.google.common.collect.AbstractIndexedListIterator                           : loaded 2 times (x 93B)
Class com.google.common.collect.ImmutableMapEntrySet                                  : loaded 2 times (x 148B)
Class org.gradle.api.internal.classpath.Module                                        : loaded 2 times (x 67B)
Class com.google.common.cache.Weigher                                                 : loaded 2 times (x 67B)
Class org.gradle.api.internal.classpath.UnknownModuleException                        : loaded 2 times (x 79B)
Class com.google.common.base.Stopwatch                                                : loaded 2 times (x 69B)
Class com.google.common.cache.LocalCache$Strength                                     : loaded 2 times (x 78B)
Class com.google.common.cache.Cache                                                   : loaded 2 times (x 67B)
Class com.google.common.io.Files$2                                                    : loaded 2 times (x 73B)
Class com.google.common.util.concurrent.AbstractFuture$Cancellation                   : loaded 2 times (x 69B)
Class com.google.common.collect.ImmutableMap$Builder                                  : loaded 2 times (x 79B)
Class com.google.common.base.NullnessCasts                                            : loaded 2 times (x 68B)
Class com.google.common.base.Present                                                  : loaded 2 times (x 78B)
Class com.google.common.collect.AbstractMapBasedMultimap$WrappedCollection$WrappedIterator: loaded 2 times (x 81B)
Class com.google.common.cache.RemovalListener                                         : loaded 2 times (x 67B)
Class org.gradle.api.internal.DefaultClassPathRegistry                                : loaded 2 times (x 73B)
Class com.google.common.primitives.IntsMethodsForWeb                                  : loaded 2 times (x 68B)
Class com.google.common.collect.Multimap                                              : loaded 2 times (x 67B)
Class org.gradle.api.internal.ClassPathRegistry                                       : loaded 2 times (x 67B)
Class org.gradle.internal.classpath.DefaultClassPath$ImmutableUniqueList              : loaded 2 times (x 196B)
Class com.google.common.collect.NullnessCasts                                         : loaded 2 times (x 68B)
Class com.google.common.collect.MapMakerInternalMap$Segment                           : loaded 2 times (x 139B)
Class com.google.common.base.ExtraObjectsMethodsForWeb                                : loaded 2 times (x 68B)
Class com.google.common.base.Equivalence$Identity                                     : loaded 2 times (x 79B)
Class com.google.common.io.ByteSink                                                   : loaded 2 times (x 73B)
Class com.google.common.cache.CacheBuilder                                            : loaded 2 times (x 69B)
Class com.google.common.collect.SingletonImmutableList                                : loaded 2 times (x 204B)
Class Settings_gradle$1                                                               : loaded 2 times (x 71B)
Class org.gradle.internal.classpath.ClassPath                                         : loaded 2 times (x 67B)
Class org.gradle.api.UncheckedIOException                                             : loaded 2 times (x 79B)
Class com.google.common.collect.Interners$InternerBuilder                             : loaded 2 times (x 73B)
Class com.google.common.io.Files$FileByteSource                                       : loaded 2 times (x 82B)
Class com.google.common.collect.ImmutableList$ReverseImmutableList                    : loaded 2 times (x 205B)
Class com.google.common.base.JdkPattern                                               : loaded 2 times (x 72B)
Class org.objectweb.asm.SymbolTable$Entry                                             : loaded 2 times (x 71B)
Class com.google.common.util.concurrent.AbstractFuture$AtomicHelper                   : loaded 2 times (x 75B)
Class org.objectweb.asm.Edge                                                          : loaded 2 times (x 69B)
Class com.google.common.base.Suppliers$SupplierOfInstance                             : loaded 2 times (x 76B)
Class com.google.common.collect.Iterators$1                                           : loaded 2 times (x 78B)
Class com.google.common.cache.LocalCache$ComputingValueReference                      : loaded 2 times (x 93B)
Class com.google.common.collect.SingletonImmutableSet                                 : loaded 2 times (x 143B)
Class com.google.common.collect.ImmutableMap$IteratorBasedImmutableMap                : loaded 2 times (x 122B)
Class com.google.common.cache.LocalCache$Segment                                      : loaded 2 times (x 151B)
Class com.google.common.collect.SortedIterable                                        : loaded 2 times (x 67B)
Class [Lorg.objectweb.asm.SymbolTable$Entry;                                          : loaded 2 times (x 66B)
Class com.google.common.cache.CacheLoader                                             : loaded 2 times (x 71B)
Class com.google.common.collect.Iterators$4                                           : loaded 2 times (x 79B)
Class com.google.common.collect.ImmutableBiMap                                        : loaded 2 times (x 140B)
Class com.google.common.collect.AbstractListMultimap                                  : loaded 2 times (x 169B)
Class org.gradle.internal.installation.GradleInstallation$1                           : loaded 2 times (x 72B)
Class org.gradle.api.internal.classpath.ModuleRegistry                                : loaded 2 times (x 67B)
Class com.google.common.util.concurrent.internal.InternalFutureFailureAccess          : loaded 2 times (x 69B)
Class com.google.common.collect.Iterators$5                                           : loaded 2 times (x 79B)
Class com.google.common.collect.ImmutableSet$JdkBackedSetBuilderImpl                  : loaded 2 times (x 73B)
Class com.google.common.base.Splitter$SplittingIterator                               : loaded 2 times (x 81B)
Class com.google.common.io.Closer$SuppressingSuppressor                               : loaded 2 times (x 72B)
Class com.google.common.util.concurrent.AbstractFuture$UnsafeAtomicHelper             : loaded 2 times (x 75B)
Class com.google.common.cache.LocalCache$LocalManualCache$1                           : loaded 2 times (x 72B)
Class com.google.common.base.CharMatcher$ForPredicate                                 : loaded 2 times (x 109B)
Class com.google.common.collect.ImmutableCollection                                   : loaded 2 times (x 122B)
Class com.google.common.base.CharMatcher$AnyOf                                        : loaded 2 times (x 109B)
Class org.gradle.api.internal.classpath.DefaultModuleRegistry                         : loaded 2 times (x 80B)
Class com.google.common.util.concurrent.ListenableFuture                              : loaded 2 times (x 67B)
Class com.google.common.cache.ReferenceEntry                                          : loaded 2 times (x 67B)
Class com.google.common.collect.ImmutableSet$CachingAsList                            : loaded 2 times (x 144B)
Class com.google.common.base.Converter                                                : loaded 2 times (x 87B)
Class com.google.common.collect.Lists                                                 : loaded 2 times (x 68B)
Class com.google.common.base.CharMatcher$Any                                          : loaded 2 times (x 109B)
Class com.google.common.util.concurrent.AbstractFuture                                : loaded 2 times (x 103B)
Class com.google.common.base.FunctionalEquivalence                                    : loaded 2 times (x 80B)
Class com.google.common.collect.Iterators$9                                           : loaded 2 times (x 78B)
Class com.google.common.collect.AbstractMapBasedMultimap                              : loaded 2 times (x 136B)
Class com.google.common.collect.ImmutableAsList                                       : loaded 2 times (x 206B)
Class org.objectweb.asm.RecordComponentVisitor                                        : loaded 2 times (x 74B)
Class com.google.common.cache.CacheLoader$SupplierToCacheLoader                       : loaded 2 times (x 72B)
Class com.google.common.collect.Maps$EntryTransformer                                 : loaded 2 times (x 67B)
Class org.gradle.internal.service.ServiceLookupException                              : loaded 2 times (x 79B)
Class com.google.common.collect.ImmutableSortedSet                                    : loaded 2 times (x 296B)
Class com.google.common.collect.Lists$ReverseList                                     : loaded 2 times (x 197B)
Class [Lcom.google.common.cache.LocalCache$EntryFactory;                              : loaded 2 times (x 66B)
Class com.google.common.base.CharMatcher$JavaLetter                                   : loaded 2 times (x 108B)
Class org.gradle.internal.classloader.ClassLoaderFactory                              : loaded 2 times (x 67B)
Class com.google.common.collect.ImmutableMap$SerializedForm                           : loaded 2 times (x 70B)
Class com.google.common.cache.LocalCache$LocalManualCache                             : loaded 2 times (x 96B)
Class com.google.common.base.CharMatcher$IsNot                                        : loaded 2 times (x 108B)
Class com.google.common.base.CommonPattern                                            : loaded 2 times (x 71B)
Class org.gradle.internal.service.CachingServiceLocator                               : loaded 2 times (x 79B)
Class com.google.common.collect.RegularImmutableSortedSet                             : loaded 2 times (x 296B)
Class com.google.common.collect.AbstractMapBasedMultimap$KeySet                       : loaded 2 times (x 134B)
Class com.google.common.math.IntMath                                                  : loaded 2 times (x 68B)
Class com.google.common.collect.MapMakerInternalMap$InternalEntry                     : loaded 2 times (x 67B)
Class com.google.common.collect.Iterators$10                                          : loaded 2 times (x 78B)
Class com.google.common.collect.ImmutableMapEntry                                     : loaded 2 times (x 82B)
Class com.google.common.base.CharMatcher$JavaDigit                                    : loaded 2 times (x 108B)
Class com.google.common.collect.ImmutableMultimap                                     : loaded 2 times (x 144B)
Class com.google.common.base.Equivalence                                              : loaded 2 times (x 79B)
Class com.google.common.collect.ImmutableMapEntry$NonTerminalImmutableMapEntry        : loaded 2 times (x 82B)
Class com.google.common.base.Function                                                 : loaded 2 times (x 67B)
Class com.google.common.collect.IndexedImmutableSet$1                                 : loaded 2 times (x 209B)
Class com.google.common.cache.CacheBuilder$OneWeigher                                 : loaded 2 times (x 79B)
Class com.google.common.collect.RegularImmutableList                                  : loaded 2 times (x 209B)
Class com.google.common.collect.ImmutableBiMapFauxverideShim                          : loaded 2 times (x 117B)
Class org.gradle.internal.classloader.ClasspathUtil                                   : loaded 2 times (x 68B)
Class com.google.common.base.Charsets                                                 : loaded 2 times (x 68B)
Class com.google.common.util.concurrent.Uninterruptibles                              : loaded 2 times (x 68B)
Class com.google.common.collect.Maps                                                  : loaded 2 times (x 68B)
Class com.google.common.base.CharMatcher$JavaUpperCase                                : loaded 2 times (x 108B)
Class org.gradle.api.specs.Spec                                                       : loaded 2 times (x 67B)
Class com.google.common.collect.MapMaker                                              : loaded 2 times (x 69B)
Class [Lcom.google.common.collect.ImmutableEntry;                                     : loaded 2 times (x 66B)
Class com.google.common.cache.LocalCache$LoadingValueReference                        : loaded 2 times (x 93B)
Class com.google.common.collect.FluentIterable$2                                      : loaded 2 times (x 78B)
Class com.google.common.collect.MapMakerInternalMap$StrongKeyDummyValueEntry          : loaded 2 times (x 79B)
Class com.google.common.base.Platform                                                 : loaded 2 times (x 68B)
Class [Lorg.objectweb.asm.AnnotationWriter;                                           : loaded 2 times (x 66B)
Class com.google.common.collect.AbstractMapBasedMultimap$WrappedList                  : loaded 2 times (x 202B)
Class com.google.common.primitives.Ints$IntConverter                                  : loaded 2 times (x 87B)
Class com.google.common.collect.Maps$8                                                : loaded 2 times (x 79B)
Class [Lcom.google.common.collect.Iterators$EmptyModifiableIterator;                  : loaded 2 times (x 66B)
Class com.google.common.collect.ImmutableRangeSet$Builder                             : loaded 2 times (x 74B)
Class com.google.common.collect.Lists$ReverseList$1                                   : loaded 2 times (x 96B)
Class com.google.common.collect.Sets$SetView                                          : loaded 2 times (x 135B)
Class com.google.common.cache.LocalCache$StrongValueReference                         : loaded 2 times (x 87B)
Class com.google.common.util.concurrent.AbstractFuture$SynchronizedHelper             : loaded 2 times (x 75B)
Class com.google.common.base.CharMatcher$Invisible                                    : loaded 2 times (x 109B)
Class com.google.common.graph.SuccessorsFunction                                      : loaded 2 times (x 67B)
Class org.objectweb.asm.Type                                                          : loaded 2 times (x 69B)
Class org.gradle.internal.classloader.VisitableURLClassLoader$InstrumentingVisitableURLClassLoader: loaded 2 times (x 120B)
Class com.google.common.collect.MapMakerInternalMap$StrongKeyDummyValueEntry$Helper   : loaded 2 times (x 76B)
Class com.google.common.io.Files$FileByteSink                                         : loaded 2 times (x 74B)
Class org.objectweb.asm.ByteVector                                                    : loaded 2 times (x 76B)
Class [Lcom.google.common.cache.CacheBuilder$NullListener;                            : loaded 2 times (x 66B)
Class com.google.common.math.IntMath$1                                                : loaded 2 times (x 68B)
Class org.gradle.internal.classloader.VisitableURLClassLoader$Spec                    : loaded 2 times (x 71B)
Class org.gradle.internal.classpath.DefaultClassPath                                  : loaded 2 times (x 87B)
Class org.objectweb.asm.Symbol                                                        : loaded 2 times (x 70B)
Class com.google.common.base.AbstractIterator                                         : loaded 2 times (x 77B)
Class com.google.common.io.Closer                                                     : loaded 2 times (x 75B)
Class com.google.common.collect.RegularImmutableMap$Values                            : loaded 2 times (x 204B)
Class com.google.common.collect.ImmutableSet                                          : loaded 2 times (x 142B)
Class com.google.common.base.CharMatcher$BitSetMatcher                                : loaded 2 times (x 109B)
Class com.google.common.base.CharMatcher$Ascii                                        : loaded 2 times (x 109B)
Class org.gradle.internal.classloader.ClassLoaderSpec                                 : loaded 2 times (x 68B)
Class org.objectweb.asm.AnnotationWriter                                              : loaded 2 times (x 76B)
Class com.google.common.cache.CacheStats                                              : loaded 2 times (x 68B)
Class com.google.common.collect.Interners                                             : loaded 2 times (x 68B)
Class com.google.common.io.Closer$Suppressor                                          : loaded 2 times (x 67B)
Class com.google.common.io.LineProcessor                                              : loaded 2 times (x 67B)
Class org.objectweb.asm.RecordComponentWriter                                         : loaded 2 times (x 75B)
Class com.google.common.util.concurrent.AbstractFuture$Listener                       : loaded 2 times (x 69B)
Class com.google.common.base.CharMatcher$Or                                           : loaded 2 times (x 109B)
Class Settings_gradle$1$1                                                             : loaded 2 times (x 71B)
Class org.objectweb.asm.Attribute                                                     : loaded 2 times (x 74B)
Class com.google.common.base.Supplier                                                 : loaded 2 times (x 67B)
Class org.gradle.internal.classloader.VisitableURLClassLoader                         : loaded 2 times (x 114B)
Class com.google.common.collect.ImmutableList$SerializedForm                          : loaded 2 times (x 70B)
Class com.google.common.util.concurrent.AbstractFuture$Waiter                         : loaded 2 times (x 69B)
Class Settings_gradle                                                                 : loaded 2 times (x 125B)
Class org.gradle.internal.Cast                                                        : loaded 2 times (x 68B)
Class org.gradle.api.Action                                                           : loaded 2 times (x 67B)
Class com.google.common.collect.MapMakerInternalMap                                   : loaded 2 times (x 158B)
Class com.google.common.collect.Sets                                                  : loaded 2 times (x 68B)
Class org.objectweb.asm.Handler                                                       : loaded 2 times (x 69B)
Class com.google.common.base.Ticker                                                   : loaded 2 times (x 69B)
Class com.google.common.base.Strings                                                  : loaded 2 times (x 68B)
Class com.google.common.base.CharMatcher$FastMatcher                                  : loaded 2 times (x 108B)
Class org.gradle.internal.agents.InstrumentingClassLoader                             : loaded 2 times (x 67B)
Class [Lcom.google.common.cache.LocalCache$Segment;                                   : loaded 2 times (x 66B)
Class [Lcom.google.common.cache.LocalCache$Strength;                                  : loaded 2 times (x 66B)
Class com.google.common.cache.CacheBuilder$1                                          : loaded 2 times (x 82B)
Class com.google.common.collect.ImmutableMap                                          : loaded 2 times (x 117B)
Class com.google.common.base.Predicate                                                : loaded 2 times (x 67B)
Class org.gradle.internal.classpath.DefaultClassPath$ImmutableUniqueList$Builder      : loaded 2 times (x 72B)
Class com.google.common.collect.MapMakerInternalMap$WeakValueReference                : loaded 2 times (x 67B)
Class com.google.common.collect.AbstractRangeSet                                      : loaded 2 times (x 111B)
Class com.google.common.cache.LocalCache                                              : loaded 2 times (x 184B)
Class com.google.common.cache.CacheBuilder$2                                          : loaded 2 times (x 69B)
Class com.google.common.base.CharMatcher$NegatedFastMatcher                           : loaded 2 times (x 110B)
Class [Lcom.google.common.collect.AbstractMapEntry;                                   : loaded 2 times (x 66B)
Class com.google.common.collect.ImmutableEntry                                        : loaded 2 times (x 79B)
Class com.google.common.collect.ArrayListMultimap                                     : loaded 2 times (x 169B)
Class com.google.common.base.AbstractIterator$1                                       : loaded 2 times (x 68B)
Class com.google.common.base.CharMatcher$Digit                                        : loaded 2 times (x 109B)
Class org.gradle.api.GradleException                                                  : loaded 2 times (x 79B)
Class com.google.common.base.Suppliers$MemoizingSupplier                              : loaded 2 times (x 76B)
Class com.google.common.collect.CollectPreconditions                                  : loaded 2 times (x 68B)
Class com.google.common.base.CharMatcher$JavaIsoControl                               : loaded 2 times (x 109B)
Class [Lcom.google.common.collect.MapMakerInternalMap$Strength;                       : loaded 2 times (x 66B)
Class [Lcom.google.common.io.FileWriteMode;                                           : loaded 2 times (x 66B)
Class com.google.common.collect.SortedMapDifference                                   : loaded 2 times (x 67B)
Class com.google.common.base.CharMatcher$JavaLowerCase                                : loaded 2 times (x 108B)
Class com.google.common.collect.Iterables$4                                           : loaded 2 times (x 78B)
Class com.google.common.collect.MapMakerInternalMap$StrongKeyDummyValueSegment        : loaded 2 times (x 139B)
Class com.google.common.io.Files                                                      : loaded 2 times (x 68B)
Class com.google.common.cache.LocalCache$EntryFactory                                 : loaded 2 times (x 80B)
Class [Lcom.google.common.collect.MapMaker$Dummy;                                     : loaded 2 times (x 66B)
Class com.google.common.cache.LocalCache$AbstractReferenceEntry                       : loaded 2 times (x 104B)
Class com.google.common.base.Splitter$1$1                                             : loaded 2 times (x 83B)
Class com.google.common.base.CharMatcher$Whitespace                                   : loaded 2 times (x 109B)
Class org.gradle.internal.IoActions                                                   : loaded 2 times (x 68B)
Class com.google.common.collect.ImmutableMapKeySet                                    : loaded 2 times (x 147B)
Class com.google.common.collect.ImmutableRangeSet$ComplementRanges                    : loaded 2 times (x 204B)
Class org.objectweb.asm.SymbolTable                                                   : loaded 2 times (x 69B)
Class com.google.common.cache.CacheLoader$InvalidCacheLoadException                   : loaded 2 times (x 79B)
Class com.google.common.collect.ImmutableSet$RegularSetBuilderImpl                    : loaded 2 times (x 74B)
Class com.google.common.base.CharMatcher$SingleWidth                                  : loaded 2 times (x 109B)
Class org.gradle.internal.classloader.SystemClassLoaderSpec                           : loaded 2 times (x 68B)
Class com.google.common.collect.FluentIterable                                        : loaded 2 times (x 78B)
Class com.google.common.cache.LocalCache$StrongEntry                                  : loaded 2 times (x 105B)
Class com.google.common.util.concurrent.AbstractFuture$TrustedFuture                  : loaded 2 times (x 111B)
Class com.google.common.cache.LoadingCache                                            : loaded 2 times (x 67B)
Class com.google.common.io.ByteStreams$LimitedInputStream                             : loaded 2 times (x 89B)
Class com.google.common.base.Suppliers$NonSerializableMemoizingSupplier               : loaded 2 times (x 76B)
Class org.objectweb.asm.MethodWriter                                                  : loaded 2 times (x 103B)
Class [Lcom.google.common.cache.Weigher;                                              : loaded 2 times (x 66B)
Class com.google.common.collect.RegularImmutableMap$BucketOverflowException           : loaded 2 times (x 79B)
Class com.google.common.collect.AbstractMapBasedMultimap$RandomAccessWrappedList      : loaded 2 times (x 202B)
Class com.google.common.collect.AbstractIterator$State                                : loaded 2 times (x 76B)
Class com.google.common.collect.RegularImmutableBiMap                                 : loaded 2 times (x 145B)
Class com.google.common.cache.LocalCache$ValueReference                               : loaded 2 times (x 67B)
Class com.google.common.base.CharMatcher$Negated                                      : loaded 2 times (x 110B)
Class com.google.common.base.CharMatcher$Is                                           : loaded 2 times (x 108B)
Class com.google.common.hash.PrimitiveSink                                            : loaded 2 times (x 67B)
Class com.google.common.util.concurrent.AbstractFuture$Failure                        : loaded 2 times (x 69B)
Class com.google.common.base.Equivalence$Equals                                       : loaded 2 times (x 79B)
Class com.google.common.collect.Hashing                                               : loaded 2 times (x 68B)
Class com.google.common.base.PatternCompiler                                          : loaded 2 times (x 67B)
Class com.google.common.base.Preconditions                                            : loaded 2 times (x 68B)
Class com.google.common.collect.ImmutableSetMultimap                                  : loaded 2 times (x 177B)
Class com.google.common.io.CharSink                                                   : loaded 2 times (x 76B)
Class com.google.common.base.Joiner$1                                                 : loaded 2 times (x 77B)
Class org.objectweb.asm.Label                                                         : loaded 2 times (x 70B)
Class org.objectweb.asm.CurrentFrame                                                  : loaded 2 times (x 70B)
Class org.objectweb.asm.ClassTooLargeException                                        : loaded 2 times (x 80B)
Class com.google.common.collect.PeekingIterator                                       : loaded 2 times (x 67B)
Class com.google.common.base.CharMatcher                                              : loaded 2 times (x 108B)
Class com.google.common.collect.MapMakerInternalMap$InternalEntryHelper               : loaded 2 times (x 67B)
Class com.google.common.collect.Maps$IteratorBasedAbstractMap                         : loaded 2 times (x 122B)
Class com.google.common.collect.RangeGwtSerializationDependencies                     : loaded 2 times (x 68B)
Class com.google.common.collect.Table                                                 : loaded 2 times (x 67B)
Class com.google.common.base.Joiner$2                                                 : loaded 2 times (x 76B)
Class org.objectweb.asm.Frame                                                         : loaded 2 times (x 70B)
Class org.objectweb.asm.MethodVisitor                                                 : loaded 2 times (x 102B)
Class com.google.common.cache.LocalCache$EntryFactory$1                               : loaded 2 times (x 80B)
Class [Lcom.google.common.cache.RemovalListener;                                      : loaded 2 times (x 66B)
Class com.google.common.base.CharMatcher$1                                            : loaded 2 times (x 110B)
Class com.google.common.base.CharMatcher$NamedFastMatcher                             : loaded 2 times (x 109B)
Class com.google.common.collect.RangeSet                                              : loaded 2 times (x 67B)
Class com.google.common.cache.LocalCache$EntryFactory$2                               : loaded 2 times (x 80B)
Class com.google.common.collect.CollectCollectors                                     : loaded 2 times (x 68B)
Class org.objectweb.asm.ModuleWriter                                                  : loaded 2 times (x 79B)
Class com.google.common.cache.LocalCache$EntryFactory$3                               : loaded 2 times (x 80B)
Class com.google.common.base.Ticker$1                                                 : loaded 2 times (x 69B)
Class com.google.common.collect.ImmutableMapEntrySet$RegularEntrySet                  : loaded 2 times (x 148B)
Class com.google.common.collect.Maps$BiMapConverter                                   : loaded 2 times (x 87B)
Class com.google.common.collect.SetMultimap                                           : loaded 2 times (x 67B)
Class com.google.common.cache.LocalCache$EntryFactory$4                               : loaded 2 times (x 80B)
Class com.google.common.collect.ImmutableSet$Builder                                  : loaded 2 times (x 82B)
Class com.google.common.base.CharMatcher$InRange                                      : loaded 2 times (x 108B)
Class com.google.common.io.ByteStreams$1                                              : loaded 2 times (x 82B)
Class com.google.common.cache.LocalCache$EntryFactory$5                               : loaded 2 times (x 80B)
Class com.google.common.base.PairwiseEquivalence                                      : loaded 2 times (x 80B)
Class com.google.common.cache.LocalCache$EntryFactory$6                               : loaded 2 times (x 80B)
Class org.gradle.internal.installation.CurrentGradleInstallationLocator               : loaded 2 times (x 68B)
Class com.google.common.collect.Maps$KeySet                                           : loaded 2 times (x 134B)
Class com.google.common.cache.LocalCache$EntryFactory$7                               : loaded 2 times (x 80B)
Class com.google.common.collect.ImmutableSet$EmptySetBuilderImpl                      : loaded 2 times (x 73B)
Class com.google.common.collect.ImmutableList                                         : loaded 2 times (x 203B)
Class org.gradle.internal.service.DefaultServiceLocator                               : loaded 2 times (x 80B)
Class com.google.common.cache.LocalCache$SoftValueReference                           : loaded 2 times (x 94B)
Class com.google.common.collect.Maps$EntrySet                                         : loaded 2 times (x 133B)
Class com.google.common.cache.LocalCache$EntryFactory$8                               : loaded 2 times (x 80B)
Class com.google.common.collect.ImmutableSet$SetBuilderImpl                           : loaded 2 times (x 73B)
Class org.gradle.internal.installation.CurrentGradleInstallation                      : loaded 2 times (x 70B)
Class com.google.common.cache.CacheLoader$1                                           : loaded 2 times (x 72B)
Class com.google.common.collect.ForwardingObject                                      : loaded 2 times (x 69B)
Class com.google.common.collect.ImmutableList$SubList                                 : loaded 2 times (x 205B)
Class org.gradle.util.internal.GUtil                                                  : loaded 2 times (x 68B)
Class com.google.common.io.ByteSource                                                 : loaded 2 times (x 81B)
Class com.google.common.util.concurrent.AbstractFuture$SetFuture                      : loaded 2 times (x 72B)
Class com.google.common.cache.AbstractCache$StatsCounter                              : loaded 2 times (x 67B)
Class com.google.common.collect.MapMakerInternalMap$1                                 : loaded 2 times (x 80B)
Class com.google.common.collect.Iterators$MergingIterator                             : loaded 2 times (x 78B)
Class com.google.common.collect.RegularImmutableSet                                   : loaded 2 times (x 145B)
Class org.gradle.internal.installation.GradleInstallation                             : loaded 2 times (x 72B)
Class com.google.common.collect.Iterables                                             : loaded 2 times (x 68B)
Class com.google.common.base.Splitter$Strategy                                        : loaded 2 times (x 67B)
Class com.google.common.collect.Lists$RandomAccessReverseList                         : loaded 2 times (x 197B)

---------------  S Y S T E M  ---------------

OS:
 Windows 10 , 64 bit Build 19041 (10.0.19041.5198)
OS uptime: 3 days 21:14 hours
Hyper-V role detected

CPU: total 12 (initial active 12) (12 cores per cpu, 2 threads per core) family 23 model 113 stepping 0 microcode 0x0, cx8, cmov, fxsr, ht, mmx, 3dnowpref, sse, sse2, sse3, ssse3, sse4a, sse4.1, sse4.2, popcnt, lzcnt, tsc, tscinvbit, avx, avx2, aes, clmul, bmi1, bmi2, adx, sha, fma, vzeroupper, clflush, clflushopt, hv, rdtscp, rdpid, f16c
Processor Information for all 12 processors :
  Max Mhz: 3600, Current Mhz: 3600, Mhz Limit: 3600

Memory: 4k page, system-wide physical 16310M (99M free)
TotalPageFile size 41917M (AvailPageFile size 0M)
current process WorkingSet (physical memory assigned to process): 620M, peak: 620M
current process commit charge ("private bytes"): 661M, peak: 661M

vm_info: OpenJDK 64-Bit Server VM (21.0.3+-12282718-b509.11) for windows-amd64 JRE (21.0.3+-12282718-b509.11), built on 2024-08-27T17:34:15Z by "builder" with MS VC++ 16.10 / 16.11 (VS2019)

END.
